{
  "uuid": "a676f538-1425-382a-a1b8-72f5bf00b0f0",
  "starterPrompted": true,
  "starterLocked": false,
  "starterSelected": true,
  "starterUUID": "d6f44051-6d76-422b-9ea6-6ff5dce5e8c4",
  "keyItems": [],
  "battleTheme": "cobblemon:battle.pvp.default",
  "extraData": {
    "koStreak": {
      "name": "koStreak",
      "species": "mareep",
      "count": 1
    },
    "koCount": {
      "name": "koCount",
      "defeats": {
        "elekid": 1,
        "mareep": 1
      }
    },
    "captureStreak": {
      "name": "captureStreak",
      "species": "",
      "count": 0
    },
    "captureCount": {
      "name": "captureCount",
      "defeats": {}
    },
    "cobblenavPlayerStatsData": {
      "name": "cobblenavPlayerStatsData",
      "totalPvpCount": 0,
      "startDate": 1721409272579,
      "gymBadges": [],
      "pokemonUsage": {
        "d6f44051-6d76-422b-9ea6-6ff5dce5e8c4": 5
      }
    }
  },
  "advancementData": {
    "totalCaptureCount": 0,
    "totalEggsHatched": 0,
    "totalEvolvedCount": 0,
    "totalBattleVictoryCount": 2,
    "totalPvPBattleVictoryCount": 0,
    "totalPvWBattleVictoryCount": 2,
    "totalPvNBattleVictoryCount": 0,
    "totalShinyCaptureCount": 0,
    "totalTradedCount": 0,
    "totalTypeCaptureCounts": {},
    "totalDefeatedCounts": {
      "cobblemon:elekid": 1,
      "cobblemon:mareep": 1
    },
    "aspectsCollected": {}
  }
}