{
  "uuid": "ea0d877f-2a0b-33d7-83aa-001241697afa",
  "starterPrompted": true,
  "starterLocked": false,
  "starterSelected": true,
  "starterUUID": "684320f1-48cf-46ac-a10c-ae1d934c35b6",
  "keyItems": [],
  "battleTheme": "cobblemon:battle.pvp.default",
  "extraData": {
    "koStreak": {
      "name": "koStreak",
      "species": "slowpoke",
      "count": 1
    },
    "koCount": {
      "name": "koCount",
      "defeats": {
        "wooloo": 1,
        "crabrawler": 2,
        "wimpod": 3,
        "geodude": 1,
        "slowpoke": 1
      }
    },
    "captureStreak": {
      "name": "captureStreak",
      "species": "crabrawler",
      "count": 1
    },
    "captureCount": {
      "name": "captureCount",
      "defeats": {
        "crabrawler": 1
      }
    },
    "cobblenavPlayerStatsData": {
      "name": "cobblenavPlayerStatsData",
      "totalPvpCount": 0,
      "startDate": 1721402888779,
      "gymBadges": [],
      "pokemonUsage": {
        "684320f1-48cf-46ac-a10c-ae1d934c35b6": 11
      }
    }
  },
  "advancementData": {
    "totalCaptureCount": 1,
    "totalEggsHatched": 0,
    "totalEvolvedCount": 0,
    "totalBattleVictoryCount": 9,
    "totalPvPBattleVictoryCount": 0,
    "totalPvWBattleVictoryCount": 9,
    "totalPvNBattleVictoryCount": 0,
    "totalShinyCaptureCount": 0,
    "totalTradedCount": 0,
    "totalTypeCaptureCounts": {
      "fighting": 1
    },
    "totalDefeatedCounts": {
      "cobblemon:wooloo": 1,
      "cobblemon:crabrawler": 2,
      "cobblemon:wimpod": 3,
      "cobblemon:geodude": 1,
      "cobblemon:slowpoke": 1
    },
    "aspectsCollected": {}
  }
}