{
  "uuid": "ea0d877f-2a0b-33d7-83aa-001241697afa",
  "starterPrompted": true,
  "starterLocked": false,
  "starterSelected": true,
  "starterUUID": "684320f1-48cf-46ac-a10c-ae1d934c35b6",
  "keyItems": [],
  "battleTheme": "cobblemon:battle.pvp.default",
  "extraData": {
    "koStreak": {
      "name": "koStreak",
      "species": "rapidash",
      "count": 1
    },
    "koCount": {
      "name": "koCount",
      "defeats": {
        "wooloo": 1,
        "crabrawler": 4,
        "wimpod": 3,
        "geodude": 1,
        "slowpoke": 1,
        "lechonk": 1,
        "eevee": 1,
        "voltorb": 1,
        "hypno": 1,
        "arcanine": 1,
        "rapidash": 1
      }
    },
    "captureStreak": {
      "name": "captureStreak",
      "species": "magby",
      "count": 1
    },
    "captureCount": {
      "name": "captureCount",
      "defeats": {
        "crabrawler": 1,
        "arcanine": 2,
        "abra": 1,
        "persian": 1,
        "ponyta": 1,
        "eevee": 2,
        "hypno": 1,
        "growlithe": 1,
        "magby": 1
      }
    },
    "cobblenavPlayerStatsData": {
      "name": "cobblenavPlayerStatsData",
      "totalPvpCount": 1,
      "startDate": 1721402888779,
      "gymBadges": [],
      "pokemonUsage": {
        "74a5f05d-1dfa-474a-9cf3-cd09020da2df": 10,
        "c267f439-b707-48cc-8e0c-dca4e5192c36": 19,
        "a55cf174-768d-4c0f-94a7-7a845dc0045b": 18,
        "de9d6fc5-de44-4448-aca5-42588dd608ac": 12,
        "e7bb304f-61b9-400b-9b49-f754685f3020": 1,
        "f437ddad-6c85-46ec-9781-7648128e9171": 5,
        "bc56a621-ceff-4a7e-8f6d-c4c7287322b9": 7,
        "72354718-3f48-4695-838a-cfb4ae11b198": 16,
        "79013baf-1abe-42c5-879c-9026e3b98d41": 6,
        "432079b2-2455-49aa-b428-24376bf49e9e": 16,
        "684320f1-48cf-46ac-a10c-ae1d934c35b6": 29
      }
    },
    "cobblenavContactData": {
      "name": "cobblenavContactData",
      "contacts": [
        {
          "key": "7bd57142-f6c3-37be-bc97-f2e3b016f9d3",
          "profile": {
            "id": "7bd57142-f6c3-37be-bc97-f2e3b016f9d3",
            "name": "XxRTXxX"
          },
          "name": "XxRTXxX",
          "title": "",
          "winnings": 0,
          "losses": 1,
          "team": [
            {
              "name": "moltres",
              "level": 47
            },
            {
              "name": "frogadier",
              "level": 32
            },
            {
              "name": "gallade",
              "level": 34
            },
            {
              "name": "vaporeon",
              "level": 35
            },
            {
              "name": "dragonair",
              "level": 39
            },
            {
              "name": "ampharos",
              "level": 35
            }
          ],
          "trainer": false
        }
      ],
      "title": ""
    }
  },
  "advancementData": {
    "totalCaptureCount": 11,
    "totalEggsHatched": 0,
    "totalEvolvedCount": 6,
    "totalBattleVictoryCount": 27,
    "totalPvPBattleVictoryCount": 0,
    "totalPvWBattleVictoryCount": 27,
    "totalPvNBattleVictoryCount": 0,
    "totalShinyCaptureCount": 0,
    "totalTradedCount": 0,
    "totalTypeCaptureCounts": {
      "fighting": 1,
      "fire": 5,
      "psychic": 2,
      "normal": 3
    },
    "totalDefeatedCounts": {
      "cobblemon:wooloo": 1,
      "cobblemon:crabrawler": 4,
      "cobblemon:wimpod": 3,
      "cobblemon:geodude": 1,
      "cobblemon:slowpoke": 1,
      "cobblemon:lechonk": 1,
      "cobblemon:eevee": 1,
      "cobblemon:voltorb": 1,
      "cobblemon:hypno": 1,
      "cobblemon:arcanine": 1,
      "cobblemon:rapidash": 1
    },
    "aspectsCollected": {}
  }
}