{"stats":{"minecraft:killed_by":{"minecraft:spider":1},"minecraft:used":{"minecraft:oak_planks":1,"minecraft:white_bed":1},"minecraft:picked_up":{"minecraft:book":12,"minecraft:redstone_lamp":2,"minecraft:black_bed":1,"cobblemon:blue_apricorn_seed":2,"minecraft:wheat_seeds":2,"minecraft:cherry_sapling":1,"minecraft:spruce_slab":1,"minecraft:sugar_cane":2,"minecraft:oak_planks":1,"cobblemon:blue_apricorn":6},"minecraft:dropped":{"minecraft:sugar_cane":2,"minecraft:wheat_seeds":2},"minecraft:crafted":{"minecraft:oak_planks":4,"minecraft:crafting_table":1},"minecraft:mined":{"minecraft:cherry_sapling":1,"minecraft:birch_leaves":1,"minecraft:black_bed":1,"minecraft:grass":5,"minecraft:bookshelf":4,"minecraft:tall_grass":1,"minecraft:oak_planks":1,"minecraft:sugar_cane":1,"minecraft:spruce_slab":1,"minecraft:redstone_lamp":2},"minecraft:custom":{"minecraft:time_since_rest":4759,"minecraft:interact_with_furnace":1,"minecraft:sprint_one_cm":53018,"minecraft:damage_taken":550,"minecraft:walk_one_cm":20277,"minecraft:drop":4,"minecraft:damage_dealt":46,"minecraft:swim_one_cm":17732,"minecraft:fly_one_cm":34546,"minecraft:open_barrel":5,"minecraft:open_chest":2,"minecraft:crouch_one_cm":246,"minecraft:play_time":13354,"minecraft:deaths":2,"minecraft:sneak_time":294,"minecraft:walk_under_water_one_cm":1421,"minecraft:jump":199,"minecraft:leave_game":1,"minecraft:walk_on_water_one_cm":7439,"minecraft:time_since_death":4700,"minecraft:climb_one_cm":5362,"minecraft:sleep_in_bed":1,"minecraft:total_world_time":13354,"minecraft:fall_one_cm":5812}},"DataVersion":3465}