{"stats":{"minecraft:killed_by":{"minecraft:player":4,"minecraft:creeper":4,"minecraft:spider":2,"minecraft:pillager":1,"minecraft:enderman":1,"minecraft:drowned":1,"minecraft:skeleton":18,"minecraft:guardian":1,"minecraft:zombie":5,"minecraft:illusioner":2},"minecraft:used":{"minecraft:stone_sword":26,"minecraft:flint_and_steel":119,"minecraft:spruce_slab":1,"minecraft:ladder":6,"minecraft:iron_sword":302,"minecraft:torch":30,"minecraft:dirt":4,"mcdw:sword_rapier":12,"minecraft:granite":3,"minecraft:flowering_azalea":1,"minecraft:iron_boots":1,"minecraft:redstone_lamp":2,"minecraft:written_book":2,"minecraft:pitcher_plant":1,"minecraft:egg":2,"minecraft:cooked_beef":2,"minecraft:cobbled_deepslate":19,"minecraft:calcite":43,"minecraft:diorite":2,"minecraft:spruce_door":1,"minecraft:oak_planks":2,"minecraft:crafting_table":2,"minecraft:campfire":1,"minecraft:white_bed":2,"minecraft:black_bed":7,"minecraft:lingering_potion":1,"minecraft:bread":31,"minecraft:iron_pickaxe":240,"minecraft:jungle_stairs":2},"minecraft:picked_up":{"minecraft:charcoal":4,"minecraft:ladder":11,"cobblemon:yellow_apricorn":3,"minecraft:redstone_lamp":2,"cobblemon:red_apricorn":2,"minecraft:gold_block":1,"minecraft:potion":1,"minecraft:brick":23,"minecraft:dark_oak_trapdoor":1,"minecraft:moss_carpet":1,"minecraft:netherite_scrap":2,"minecraft:sticky_piston":5,"cobblemon:white_apricorn":6,"minecraft:cyan_carpet":1,"minecraft:beef":2,"minecraft:cobbled_deepslate":69,"cobblemon:green_apricorn":7,"minecraft:player_head":1,"cobblemon:oran_berry":109,"cobblemon:relic_coin":51,"minecraft:rose_bush":1,"minecraft:written_book":2,"minecraft:calcite":45,"minecraft:iron_pickaxe":1,"minecraft:spruce_slab":1,"minecraft:sugar_cane":4,"minecraft:chest":2,"minecraft:birch_sapling":4,"cobblemon:green_apricorn_seed":1,"minecraft:furnace":10,"minecraft:egg":6,"minecraft:dark_oak_sapling":2,"minecraft:stick":8,"artifacts:universal_attractor":1,"minecraft:copper_ingot":41,"minecraft:oak_fence":1,"minecraft:torch":24,"sophisticatedbackpacks:backpack":2,"minecraft:diorite":3,"minecraft:mangrove_sign":1,"cobblemon:dawn_stone":1,"minecraft:arrow":15,"minecraft:rotten_flesh":17,"minecraft:jungle_stairs":2,"minecraft:iron_block":1,"minecraft:gold_ingot":1,"minecraft:glow_berries":4,"cobblemon:verdant_ball":2,"cobblemon:blue_apricorn":7,"minecraft:skeleton_skull":1,"minecraft:cobblestone":22,"minecraft:cooked_beef":2,"minecraft:feather":5,"minecraft:tripwire_hook":1,"minecraft:leather":2,"minecraft:black_bed":8,"cobblemon:roseate_ball":2,"minecraft:flint":1,"minecraft:oak_log":12,"minecraft:gunpowder":1,"minecraft:dirt":48,"minecraft:red_carpet":2,"minecraft:bone":21,"minecraft:gray_carpet":4,"minecraft:wheat_seeds":65,"minecraft:iron_ingot":2,"minecraft:acacia_sapling":1,"minecraft:glass_bottle":3,"minecraft:moss_block":1,"minecraft:flowering_azalea":1,"minecraft:oak_planks":2,"minecraft:book":12,"cobblemon:sun_stone":1,"minecraft:pitcher_plant":1,"cobblemon:blue_apricorn_seed":2,"minecraft:gravel":1,"minecraft:sand":3,"cobblemon:pink_apricorn":8,"minecraft:white_bed":1,"minecraft:spruce_door":2,"minecraft:diamond":10,"cobblemon:poke_ball":4,"minecraft:granite":29,"minecraft:emerald":1,"minecraft:cherry_sapling":1,"minecraft:spruce_sign":5,"minecraft:blue_banner":3,"minecraft:oak_sapling":3,"minecraft:coal":11},"minecraft:dropped":{"minecraft:spruce_sign":5,"minecraft:moss_block":1,"minecraft:wheat_seeds":63,"minecraft:oak_log":8,"minecraft:glass_bottle":3,"minecraft:diamond":6,"minecraft:dark_oak_sapling":2,"minecraft:feather":5,"minecraft:cobblestone":22,"minecraft:glow_berries":1,"minecraft:leather":2,"minecraft:granite":26,"minecraft:copper_ingot":1,"minecraft:spruce_door":1,"artifacts:universal_attractor":1,"artifacts:anglers_hat":1,"minecraft:coal":6,"cobblemon:oran_berry":24,"minecraft:stick":8,"minecraft:flint":1,"minecraft:dirt":44,"minecraft:netherite_scrap":1,"minecraft:diorite":1,"cobblemon:poke_ball":4,"minecraft:dark_oak_trapdoor":1,"minecraft:potion":2,"minecraft:sand":3,"minecraft:iron_pickaxe":1,"cobblemon:great_ball":2,"minecraft:tripwire_hook":1,"minecraft:gray_carpet":3,"minecraft:bone":4,"minecraft:gravel":1,"minecraft:sugar_cane":4,"minecraft:player_head":1,"minecraft:cobbled_deepslate":90,"minecraft:sticky_piston":5,"minecraft:birch_sapling":3,"minecraft:cherry_sapling":1,"minecraft:rotten_flesh":17,"minecraft:oak_planks":4,"cobblemon:premier_ball":3,"sophisticatedbackpacks:backpack":1,"minecraft:white_bed":1,"minecraft:skeleton_skull":1,"minecraft:charcoal":4,"minecraft:acacia_sapling":1,"minecraft:blue_banner":3,"minecraft:chest":2,"minecraft:oak_sapling":3,"minecraft:ladder":5,"minecraft:arrow":4,"minecraft:calcite":2,"minecraft:written_book":3,"minecraft:brick":23,"minecraft:egg":3},"minecraft:broken":{"minecraft:iron_chestplate":1,"minecraft:iron_leggings":1,"minecraft:flint_and_steel":1,"minecraft:iron_sword":1,"minecraft:iron_helmet":1,"minecraft:golden_chestplate":1},"minecraft:killed":{"minecraft:witch":1,"minecraft:skeleton":23,"minecraft:drowned":1,"cobblemon:pokemon":2,"minecraft:creeper":1,"minecraft:zombie":9,"minecraft:player":1,"minecraft:cow":1},"minecraft:crafted":{"minecraft:oak_planks":40,"cobblemon:premier_ball":4,"minecraft:crafting_table":2,"cobblemon:verdant_ball":4,"cobblemon:roseate_ball":8,"cobblemon:great_ball":4},"minecraft:custom":{"minecraft:mob_kills":41,"minecraft:interact_with_crafting_table":12,"minecraft:open_barrel":111,"minecraft:interact_with_campfire":2,"minecraft:leave_game":6,"minecraft:time_since_death":925,"minecraft:damage_dealt_resisted":162,"minecraft:eat_cake_slice":3,"minecraft:climb_one_cm":39464,"minecraft:sprint_one_cm":1036069,"minecraft:walk_one_cm":603526,"minecraft:drop":264,"minecraft:play_noteblock":6,"minecraft:talked_to_villager":7,"minecraft:play_time":381509,"minecraft:sneak_time":9251,"minecraft:deaths":58,"minecraft:walk_under_water_one_cm":29854,"minecraft:interact_with_lectern":1,"minecraft:jump":9552,"minecraft:interact_with_brewingstand":1,"minecraft:walk_on_water_one_cm":81039,"minecraft:total_world_time":381509,"minecraft:interact_with_furnace":2,"minecraft:tune_noteblock":6,"minecraft:sleep_in_bed":9,"minecraft:time_since_rest":969,"minecraft:damage_taken":16449,"minecraft:damage_dealt":10069,"minecraft:swim_one_cm":423585,"minecraft:fly_one_cm":1412591,"minecraft:player_kills":1,"minecraft:open_chest":46,"minecraft:crouch_one_cm":26746,"minecraft:fall_one_cm":324938,"minecraft:inspect_dispenser":3},"minecraft:mined":{"minecraft:dark_oak_planks":2,"minecraft:red_carpet":2,"minecraft:spruce_planks":1,"minecraft:white_bed":1,"minecraft:jungle_slab":1,"cobblemon:dawn_stone_ore":1,"minecraft:cherry_sapling":1,"minecraft:gray_stained_glass_pane":1,"minecraft:cave_vines_plant":1,"minecraft:ladder":8,"minecraft:granite":33,"minecraft:grass_block":14,"minecraft:decorated_pot":6,"minecraft:coal_block":1,"minecraft:moss_block":1,"minecraft:large_fern":1,"minecraft:black_stained_glass_pane":5,"minecraft:furnace":10,"minecraft:dark_oak_trapdoor":1,"minecraft:fire":20,"minecraft:andesite":5,"minecraft:bookshelf":4,"minecraft:flowering_azalea_leaves":2,"minecraft:light_gray_concrete":6,"minecraft:azalea_leaves":1,"minecraft:azalea":2,"minecraft:stone":42,"minecraft:player_head":1,"minecraft:spruce_slab":1,"minecraft:blue_wall_banner":1,"minecraft:flowering_azalea":2,"minecraft:redstone_block":1,"minecraft:gray_concrete":5,"minecraft:glass_pane":1,"minecraft:chiseled_quartz_block":2,"minecraft:oak_fence":1,"cobblemon:apricorn_leaves":1,"minecraft:torch":9,"minecraft:jungle_stairs":2,"minecraft:calcite":49,"minecraft:chest":2,"minecraft:campfire":1,"minecraft:copper_ore":2,"minecraft:glass":3,"minecraft:tall_grass":49,"minecraft:lily_pad":1,"minecraft:oak_planks":2,"minecraft:sugar_cane":1,"minecraft:diorite":3,"cobblemon:relic_coin_pouch":9,"minecraft:wall_torch":5,"minecraft:seagrass":1,"minecraft:stone_stairs":1,"minecraft:dark_oak_slab":2,"minecraft:light_gray_stained_glass":3,"minecraft:birch_leaves":13,"minecraft:black_bed":7,"minecraft:mangrove_leaves":3,"minecraft:pitcher_plant":1,"minecraft:smooth_stone_slab":3,"minecraft:grass":102,"minecraft:oak_log":4,"minecraft:coal_ore":4,"minecraft:cyan_carpet":1,"minecraft:gravel":4,"minecraft:sand":1,"minecraft:smooth_quartz":12,"minecraft:gray_carpet":1,"minecraft:tripwire_hook":3,"minecraft:dispenser":2,"minecraft:polished_andesite":2,"cobblemon:sun_stone_ore":1,"minecraft:stonecutter":1,"minecraft:stone_bricks":7,"minecraft:piston":2,"minecraft:oak_leaves":45,"minecraft:redstone_lamp":4}},"DataVersion":3465}