{"stats":{"minecraft:killed_by":{"minecraft:spider":1},"minecraft:used":{"minecraft:stone_sword":1,"minecraft:spruce_slab":1,"minecraft:bread":4,"minecraft:ladder":3,"minecraft:oak_planks":1,"minecraft:redstone_lamp":2,"minecraft:crafting_table":1,"minecraft:white_bed":1},"minecraft:picked_up":{"minecraft:book":12,"minecraft:ladder":5,"minecraft:copper_ingot":40,"minecraft:redstone_lamp":2,"minecraft:black_bed":1,"cobblemon:blue_apricorn_seed":2,"cobblemon:pink_apricorn":7,"minecraft:wheat_seeds":2,"cobblemon:relic_coin":20,"minecraft:cherry_sapling":1,"minecraft:spruce_slab":1,"minecraft:birch_sapling":1,"minecraft:sugar_cane":4,"minecraft:oak_planks":1,"cobblemon:blue_apricorn":6},"minecraft:dropped":{"minecraft:sugar_cane":4,"minecraft:wheat_seeds":2,"minecraft:ladder":2},"minecraft:crafted":{"minecraft:oak_planks":4,"minecraft:crafting_table":1,"cobblemon:roseate_ball":4},"minecraft:mined":{"minecraft:cherry_sapling":1,"minecraft:birch_leaves":2,"minecraft:black_bed":1,"minecraft:ladder":4,"minecraft:grass":5,"minecraft:bookshelf":4,"minecraft:tall_grass":3,"minecraft:oak_planks":1,"minecraft:sugar_cane":1,"minecraft:oak_leaves":1,"cobblemon:relic_coin_pouch":4,"minecraft:spruce_slab":1,"minecraft:redstone_lamp":2},"minecraft:custom":{"minecraft:time_since_rest":16759,"minecraft:interact_with_furnace":1,"minecraft:sprint_one_cm":96264,"minecraft:damage_taken":590,"minecraft:walk_one_cm":36629,"minecraft:drop":8,"minecraft:damage_dealt":56,"minecraft:swim_one_cm":28739,"minecraft:interact_with_crafting_table":3,"minecraft:fly_one_cm":107775,"minecraft:open_barrel":5,"minecraft:open_chest":4,"minecraft:crouch_one_cm":2072,"minecraft:play_time":25354,"minecraft:deaths":2,"minecraft:sneak_time":1216,"minecraft:walk_under_water_one_cm":1560,"minecraft:jump":596,"minecraft:leave_game":1,"minecraft:walk_on_water_one_cm":13966,"minecraft:time_since_death":16700,"minecraft:climb_one_cm":9010,"minecraft:sleep_in_bed":1,"minecraft:total_world_time":25354,"minecraft:fall_one_cm":10690}},"DataVersion":3465}