{"stats":{"minecraft:killed_by":{"minecraft:spider":1,"minecraft:drowned":1,"minecraft:illusioner":2},"minecraft:used":{"minecraft:stone_sword":26,"minecraft:spruce_door":1,"minecraft:flint_and_steel":32,"minecraft:spruce_slab":1,"minecraft:oak_planks":1,"minecraft:ladder":6,"minecraft:iron_sword":9,"minecraft:crafting_table":1,"minecraft:white_bed":1,"minecraft:bread":10,"minecraft:redstone_lamp":2,"minecraft:pitcher_plant":1},"minecraft:picked_up":{"minecraft:feather":5,"minecraft:ladder":9,"minecraft:redstone_lamp":2,"minecraft:black_bed":1,"minecraft:brick":20,"minecraft:moss_carpet":1,"minecraft:red_carpet":2,"minecraft:cyan_carpet":1,"minecraft:gray_carpet":4,"minecraft:wheat_seeds":6,"cobblemon:relic_coin":47,"minecraft:spruce_slab":1,"minecraft:sugar_cane":4,"minecraft:oak_planks":1,"minecraft:birch_sapling":1,"minecraft:book":12,"minecraft:pitcher_plant":1,"minecraft:copper_ingot":40,"minecraft:oak_fence":1,"minecraft:torch":6,"cobblemon:blue_apricorn_seed":2,"cobblemon:pink_apricorn":8,"minecraft:spruce_door":2,"cobblemon:poke_ball":3,"minecraft:cherry_sapling":1,"minecraft:emerald":1,"cobblemon:blue_apricorn":6},"minecraft:dropped":{"minecraft:wheat_seeds":5,"minecraft:sugar_cane":4,"minecraft:cherry_sapling":1,"minecraft:feather":5,"minecraft:spruce_door":1,"minecraft:ladder":3,"minecraft:gray_carpet":3},"minecraft:killed":{"minecraft:drowned":1},"minecraft:crafted":{"minecraft:oak_planks":4,"minecraft:crafting_table":1,"cobblemon:roseate_ball":4},"minecraft:mined":{"minecraft:red_carpet":2,"minecraft:cherry_sapling":1,"minecraft:oak_fence":1,"minecraft:gray_stained_glass_pane":1,"cobblemon:apricorn_leaves":1,"minecraft:ladder":8,"minecraft:decorated_pot":5,"minecraft:tall_grass":5,"minecraft:sugar_cane":1,"minecraft:oak_planks":1,"cobblemon:relic_coin_pouch":9,"minecraft:black_stained_glass_pane":2,"minecraft:fire":5,"minecraft:birch_leaves":2,"minecraft:black_bed":1,"minecraft:pitcher_plant":1,"minecraft:grass":12,"minecraft:bookshelf":4,"minecraft:flowering_azalea_leaves":1,"minecraft:cyan_carpet":1,"minecraft:gray_carpet":1,"minecraft:azalea_leaves":1,"minecraft:oak_leaves":7,"minecraft:spruce_slab":1,"minecraft:redstone_lamp":2},"minecraft:custom":{"minecraft:interact_with_furnace":1,"minecraft:mob_kills":2,"minecraft:interact_with_crafting_table":3,"minecraft:open_barrel":6,"minecraft:leave_game":1,"minecraft:time_since_death":12434,"minecraft:sleep_in_bed":1,"minecraft:climb_one_cm":15937,"minecraft:time_since_rest":12461,"minecraft:sprint_one_cm":179116,"minecraft:damage_taken":1529,"minecraft:walk_one_cm":80736,"minecraft:drop":21,"minecraft:damage_dealt":732,"minecraft:swim_one_cm":74971,"minecraft:fly_one_cm":233821,"minecraft:open_chest":10,"minecraft:crouch_one_cm":4151,"minecraft:play_time":49354,"minecraft:deaths":5,"minecraft:sneak_time":2209,"minecraft:walk_under_water_one_cm":7232,"minecraft:jump":1810,"minecraft:walk_on_water_one_cm":27738,"minecraft:total_world_time":49354,"minecraft:fall_one_cm":33889}},"DataVersion":3465}