{"stats":{"minecraft:killed_by":{"minecraft:drowned":1,"minecraft:spider":1,"minecraft:illusioner":2},"minecraft:used":{"minecraft:spruce_door":1,"minecraft:stone_sword":26,"minecraft:flint_and_steel":31,"minecraft:spruce_slab":1,"minecraft:bread":7,"minecraft:ladder":3,"minecraft:oak_planks":1,"minecraft:redstone_lamp":2,"minecraft:crafting_table":1,"minecraft:white_bed":1},"minecraft:picked_up":{"minecraft:book":12,"minecraft:feather":5,"minecraft:oak_fence":1,"minecraft:ladder":5,"minecraft:copper_ingot":40,"minecraft:redstone_lamp":2,"minecraft:black_bed":1,"minecraft:torch":6,"cobblemon:blue_apricorn_seed":2,"cobblemon:pink_apricorn":8,"minecraft:spruce_door":2,"minecraft:moss_carpet":1,"minecraft:red_carpet":2,"minecraft:cyan_carpet":1,"minecraft:gray_carpet":1,"minecraft:wheat_seeds":3,"minecraft:emerald":1,"cobblemon:relic_coin":20,"minecraft:cherry_sapling":1,"minecraft:spruce_slab":1,"minecraft:birch_sapling":1,"minecraft:sugar_cane":4,"minecraft:oak_planks":1,"cobblemon:blue_apricorn":6},"minecraft:dropped":{"minecraft:sugar_cane":4,"minecraft:wheat_seeds":2,"minecraft:ladder":2,"minecraft:feather":5,"minecraft:spruce_door":1},"minecraft:killed":{"minecraft:drowned":1},"minecraft:crafted":{"minecraft:oak_planks":4,"minecraft:crafting_table":1,"cobblemon:roseate_ball":4},"minecraft:mined":{"minecraft:red_carpet":2,"minecraft:black_stained_glass_pane":2,"minecraft:fire":5,"minecraft:cherry_sapling":1,"minecraft:birch_leaves":2,"minecraft:black_bed":1,"minecraft:oak_fence":1,"minecraft:gray_stained_glass_pane":1,"cobblemon:apricorn_leaves":1,"minecraft:ladder":4,"minecraft:grass":8,"minecraft:bookshelf":4,"minecraft:flowering_azalea_leaves":1,"minecraft:cyan_carpet":1,"minecraft:gray_carpet":1,"minecraft:azalea_leaves":1,"minecraft:tall_grass":5,"minecraft:oak_planks":1,"minecraft:sugar_cane":1,"minecraft:oak_leaves":3,"cobblemon:relic_coin_pouch":4,"minecraft:spruce_slab":1,"minecraft:redstone_lamp":2},"minecraft:custom":{"minecraft:time_since_rest":461,"minecraft:interact_with_furnace":1,"minecraft:sprint_one_cm":131626,"minecraft:damage_taken":1428,"minecraft:walk_one_cm":55250,"minecraft:mob_kills":2,"minecraft:drop":14,"minecraft:damage_dealt":732,"minecraft:swim_one_cm":74971,"minecraft:interact_with_crafting_table":3,"minecraft:fly_one_cm":155813,"minecraft:open_barrel":5,"minecraft:open_chest":9,"minecraft:crouch_one_cm":3082,"minecraft:play_time":37354,"minecraft:deaths":5,"minecraft:sneak_time":1935,"minecraft:walk_under_water_one_cm":7232,"minecraft:jump":865,"minecraft:leave_game":1,"minecraft:walk_on_water_one_cm":27660,"minecraft:time_since_death":434,"minecraft:climb_one_cm":10452,"minecraft:sleep_in_bed":1,"minecraft:total_world_time":37354,"minecraft:fall_one_cm":18450}},"DataVersion":3465}