{"stats":{"minecraft:killed_by":{"creeperoverhaul:cave_creeper":1,"minecraft:skeleton":1,"minecraft:witch":1},"minecraft:used":{"minecraft:diamond_boots":1,"minecraft:stone_pickaxe":50,"minecraft:dried_kelp":6,"minecraft:wooden_pickaxe":6,"justhammers:diamond_hammer":366,"minecraft:crafting_table":7,"minecraft:diamond_helmet":1,"minecraft:cod":4,"justhammers:iron_hammer":84,"justhammers:stone_hammer":56,"minecraft:stone_axe":80,"minecraft:furnace":4,"minecraft:oak_boat":1,"minecraft:cobbled_deepslate":88},"minecraft:picked_up":{"minecraft:crafting_table":7,"minecraft:andesite":49,"minecraft:tuff":192,"create:raw_zinc":62,"minecraft:oak_log":11,"minecraft:lapis_lazuli":66,"cobblemon:revival_herb":10,"minecraft:cobbled_deepslate":1058,"minecraft:raw_gold":16,"minecraft:iron_ingot":1,"minecraft:oak_boat":1,"cobblemon:oran_berry":56,"minecraft:furnace":3,"minecraft:raw_iron":41,"cobblemon:blue_apricorn_seed":2,"minecraft:raw_iron_block":2,"minecraft:diorite":64,"minecraft:redstone":52,"artifacts:snorkel":1,"minecraft:rotten_flesh":8,"minecraft:diamond":60,"minecraft:slime_block":10,"create:scoria":58,"cobblemon:blue_apricorn":5,"minecraft:coal":1,"minecraft:cobblestone":307},"minecraft:dropped":{"minecraft:cobbled_deepslate":420,"minecraft:tuff":129,"minecraft:rotten_flesh":8,"minecraft:oak_planks":3,"justhammers:iron_hammer":1,"minecraft:stick":1,"justhammers:stone_hammer":1,"minecraft:diorite":64,"create:scoria":58,"minecraft:andesite":49,"minecraft:wooden_pickaxe":1},"minecraft:killed":{"minecraft:witch":1,"minecraft:spider":1,"minecraft:skeleton":5,"minecraft:zombie":13,"artifacts:mimic":1},"minecraft:crafted":{"minecraft:oak_planks":44,"minecraft:crafting_table":1,"minecraft:wooden_pickaxe":1,"minecraft:furnace":1,"minecraft:stone":3,"minecraft:stone_axe":1,"minecraft:air":0,"minecraft:oak_boat":1,"justhammers:iron_hammer":1,"minecraft:diamond_helmet":1,"minecraft:diamond_leggings":1,"justhammers:stone_hammer":1,"minecraft:stick":16,"minecraft:iron_ingot":7,"justhammers:diamond_hammer":1,"minecraft:stone_pickaxe":1,"minecraft:diamond_boots":1,"minecraft:diamond_chestplate":1},"minecraft:mined":{"minecraft:tuff":2,"cobblemon:revival_herb":3,"minecraft:crafting_table":7,"minecraft:tall_grass":2,"minecraft:slime_block":13,"minecraft:large_fern":1,"minecraft:furnace":4,"minecraft:yellow_bed":1,"minecraft:grass":4,"minecraft:oak_log":11,"minecraft:coal_ore":1,"minecraft:azalea":1,"minecraft:blue_orchid":1,"minecraft:stone":51,"minecraft:deepslate":6},"minecraft:custom":{"minecraft:interact_with_furnace":8,"minecraft:mob_kills":22,"minecraft:interact_with_crafting_table":18,"minecraft:open_barrel":9,"minecraft:leave_game":4,"minecraft:time_since_death":7304,"minecraft:sleep_in_bed":2,"minecraft:climb_one_cm":506,"minecraft:time_since_rest":7332,"minecraft:sprint_one_cm":78991,"minecraft:damage_taken":1253,"minecraft:walk_one_cm":210965,"minecraft:drop":27,"minecraft:damage_dealt":5188,"minecraft:damage_dealt_absorbed":80,"minecraft:swim_one_cm":44798,"minecraft:fly_one_cm":197302,"minecraft:open_chest":4,"minecraft:crouch_one_cm":1570,"minecraft:play_time":60280,"minecraft:deaths":5,"minecraft:sneak_time":465,"minecraft:walk_under_water_one_cm":18559,"minecraft:boat_one_cm":10721,"minecraft:jump":1529,"minecraft:walk_on_water_one_cm":17745,"minecraft:total_world_time":60280,"minecraft:fall_one_cm":64395}},"DataVersion":3465}