{"stats":{"minecraft:used":{"minecraft:stone_pickaxe":48,"minecraft:wooden_pickaxe":6,"justhammers:stone_hammer":56,"minecraft:stone_axe":11,"justhammers:diamond_hammer":116,"minecraft:crafting_table":5,"minecraft:furnace":4,"minecraft:diamond_helmet":1,"justhammers:iron_hammer":84},"minecraft:picked_up":{"minecraft:crafting_table":5,"minecraft:raw_iron":10,"minecraft:andesite":49,"cobblemon:blue_apricorn_seed":2,"minecraft:tuff":66,"create:raw_zinc":28,"minecraft:oak_log":6,"minecraft:diorite":64,"minecraft:redstone":38,"minecraft:lapis_lazuli":32,"minecraft:rotten_flesh":4,"minecraft:diamond":19,"create:scoria":58,"minecraft:cobbled_deepslate":836,"minecraft:raw_gold":5,"minecraft:iron_ingot":1,"cobblemon:oran_berry":56,"minecraft:coal":1,"cobblemon:blue_apricorn":5,"minecraft:cobblestone":307,"minecraft:furnace":3},"minecraft:dropped":{"justhammers:stone_hammer":1,"create:scoria":58,"minecraft:cobbled_deepslate":7,"minecraft:andesite":49,"minecraft:tuff":66,"minecraft:wooden_pickaxe":1,"justhammers:iron_hammer":1},"minecraft:killed":{"minecraft:zombie":3},"minecraft:crafted":{"minecraft:oak_planks":24,"justhammers:iron_hammer":1,"minecraft:diamond_helmet":1,"justhammers:stone_hammer":1,"minecraft:crafting_table":1,"minecraft:stick":16,"justhammers:diamond_hammer":1,"minecraft:iron_ingot":7,"minecraft:wooden_pickaxe":1,"minecraft:stone_pickaxe":1,"minecraft:furnace":1,"minecraft:stone":3,"minecraft:stone_axe":1,"minecraft:air":0},"minecraft:mined":{"minecraft:tuff":1,"minecraft:furnace":4,"minecraft:crafting_table":5,"minecraft:coal_ore":1,"minecraft:oak_log":6,"minecraft:stone":51,"minecraft:deepslate":4},"minecraft:custom":{"minecraft:time_since_rest":15565,"minecraft:interact_with_furnace":7,"minecraft:sprint_one_cm":9852,"minecraft:damage_taken":175,"minecraft:walk_one_cm":33836,"minecraft:mob_kills":3,"minecraft:drop":10,"minecraft:damage_dealt":612,"minecraft:swim_one_cm":7232,"minecraft:interact_with_crafting_table":14,"minecraft:fly_one_cm":10981,"minecraft:crouch_one_cm":517,"minecraft:play_time":15565,"minecraft:sneak_time":161,"minecraft:walk_under_water_one_cm":1526,"minecraft:jump":78,"minecraft:leave_game":1,"minecraft:time_since_death":15565,"minecraft:walk_on_water_one_cm":511,"minecraft:total_world_time":15565,"minecraft:fall_one_cm":2401}},"DataVersion":3465}