{"stats":{"minecraft:used":{"minecraft:diamond_boots":1,"minecraft:stone_pickaxe":48,"minecraft:wooden_pickaxe":6,"justhammers:stone_hammer":56,"minecraft:stone_axe":26,"justhammers:diamond_hammer":335,"minecraft:crafting_table":7,"minecraft:furnace":4,"minecraft:diamond_helmet":1,"minecraft:cobbled_deepslate":24,"justhammers:iron_hammer":84},"minecraft:picked_up":{"minecraft:crafting_table":7,"minecraft:raw_iron":16,"minecraft:andesite":49,"cobblemon:blue_apricorn_seed":2,"minecraft:tuff":102,"create:raw_zinc":62,"minecraft:oak_log":6,"minecraft:diorite":64,"minecraft:redstone":52,"minecraft:lapis_lazuli":66,"artifacts:snorkel":1,"minecraft:rotten_flesh":6,"minecraft:diamond":48,"create:scoria":58,"minecraft:cobbled_deepslate":1025,"minecraft:raw_gold":5,"minecraft:iron_ingot":1,"cobblemon:oran_berry":56,"minecraft:coal":1,"cobblemon:blue_apricorn":5,"minecraft:cobblestone":307,"minecraft:furnace":3},"minecraft:dropped":{"justhammers:stone_hammer":1,"create:scoria":58,"minecraft:cobbled_deepslate":257,"minecraft:andesite":49,"minecraft:tuff":66,"minecraft:wooden_pickaxe":1,"justhammers:iron_hammer":1,"minecraft:stick":1},"minecraft:killed":{"minecraft:skeleton":2,"minecraft:zombie":4,"artifacts:mimic":1},"minecraft:crafted":{"minecraft:oak_planks":24,"justhammers:iron_hammer":1,"minecraft:diamond_helmet":1,"minecraft:diamond_leggings":1,"justhammers:stone_hammer":1,"minecraft:crafting_table":1,"minecraft:stick":16,"justhammers:diamond_hammer":1,"minecraft:iron_ingot":7,"minecraft:wooden_pickaxe":1,"minecraft:stone_pickaxe":1,"minecraft:diamond_boots":1,"minecraft:furnace":1,"minecraft:stone":3,"minecraft:stone_axe":1,"minecraft:air":0,"minecraft:diamond_chestplate":1},"minecraft:mined":{"minecraft:tuff":1,"minecraft:furnace":4,"minecraft:crafting_table":7,"minecraft:coal_ore":1,"minecraft:oak_log":6,"minecraft:stone":51,"minecraft:deepslate":4},"minecraft:custom":{"minecraft:time_since_rest":4655,"minecraft:interact_with_furnace":7,"minecraft:sprint_one_cm":32039,"minecraft:damage_taken":381,"minecraft:walk_one_cm":80765,"minecraft:mob_kills":7,"minecraft:drop":18,"minecraft:damage_dealt":1722,"minecraft:swim_one_cm":7232,"minecraft:interact_with_crafting_table":17,"minecraft:fly_one_cm":45688,"minecraft:open_barrel":1,"minecraft:crouch_one_cm":517,"minecraft:play_time":27565,"minecraft:deaths":1,"minecraft:sneak_time":161,"minecraft:walk_under_water_one_cm":2947,"minecraft:jump":338,"minecraft:leave_game":1,"minecraft:time_since_death":4629,"minecraft:walk_on_water_one_cm":3585,"minecraft:sleep_in_bed":1,"minecraft:climb_one_cm":98,"minecraft:total_world_time":27565,"minecraft:fall_one_cm":13007}},"DataVersion":3465}