{"stats":{"minecraft:picked_up":{"minecraft:wheat":78,"minecraft:lead":3,"create:wrench":1,"minecraft:amethyst_block":82,"minecraft:music_disc_cat":1,"minecraft:string":13,"minecraft:soul_soil":42,"minecraft:raw_copper":242,"create:andesite_funnel":9,"create:water_wheel":12,"minecraft:gold_nugget":11,"minecraft:cobbled_deepslate":5753,"bosses_of_mass_destruction:soul_star":3,"cobblemon:oran_berry":63,"minecraft:cobblestone_slab":3,"minecraft:written_book":1,"minecraft:calcite":40,"minecraft:azalea":1,"cobblemon:quick_ball":89,"betternether:quartz_glass_framed_pane":5,"minecraft:furnace":6,"minecraft:stick":2,"cobblemon:spell_tag":1,"create:dough":2,"minecraft:composter":8,"betternether:bone_wall":1,"minecraft:torch":38,"create:andesite_casing":32,"minecraft:porkchop":9,"minecraft:pointed_dripstone":10,"minecraft:diorite":378,"betternether:cincinnasite":7,"minecraft:goat_horn":1,"create:large_cogwheel":4,"minecraft:rotten_flesh":74,"minecraft:blue_glazed_terracotta":1,"create:scoria":58,"create:track":173,"create:veridium":34,"minecraft:obsidian":16,"minecraft:cod":9,"minecraft:cobblestone":2681,"minecraft:birch_log":32,"minecraft:enchanting_table":1,"cobblemon:great_ball":5,"minecraft:andesite":1250,"minecraft:potato":2,"create:belt_connector":5,"minecraft:flint":3,"minecraft:tuff":657,"create:raw_zinc":156,"minecraft:lapis_lazuli":197,"minecraft:dirt":360,"minecraft:bone":19,"minecraft:bow":1,"minecraft:wheat_seeds":114,"minecraft:raw_gold":62,"create:shaft":38,"cobblemon:moon_stone":1,"minecraft:powered_rail":1,"minecraft:oak_planks":48,"minecraft:ghast_tear":1,"cobblemon:sun_stone":3,"create:cogwheel":16,"minecraft:oak_pressure_plate":4,"cobblemon:fire_stone":3,"minecraft:sand":8,"minecraft:chiseled_sandstone":1,"minecraft:mossy_cobblestone":1,"minecraft:diamond":158,"cobblemon:poke_ball":9,"minecraft:slime_block":10,"minecraft:crossbow":4,"minecraft:granite":905,"minecraft:bone_meal":12,"minecraft:emerald":2,"minecraft:oak_sapling":5,"minecraft:netherrack":1613,"minecraft:dark_oak_fence":9,"minecraft:oak_leaves":8,"minecraft:charcoal":2,"minecraft:spruce_leaves":3,"minecraft:crafting_table":12,"minecraft:chicken":2,"betternether:ink_bush_seed":3,"cobblemon:yellow_apricorn":3,"minecraft:brown_mushroom":4,"create:rotation_speed_controller":10,"minecraft:gold_block":2,"minecraft:moss_carpet":5,"cobblemon:revival_herb":10,"create:chute":4,"create:brass_funnel":4,"minecraft:beef":3,"minecraft:oak_boat":2,"minecraft:iron_nugget":6,"minecraft:poppy":2,"cobblemon:dusk_stone":1,"minecraft:sugar_cane":10,"betternether:netherrack_stalactite":1,"minecraft:chest":10,"create:linear_chassis":5,"minecraft:egg":6,"minecraft:raw_iron":101,"betternether:wall_mushroom_red":1,"minecraft:copper_ingot":2,"minecraft:bowl":1,"sophisticatedbackpacks:backpack":3,"betternether:nether_ruby":1,"minecraft:carrot":1,"minecraft:redstone":412,"create:brass_casing":1,"create:zinc_ingot":84,"create:vertical_gearbox":11,"create:deployer":3,"artifacts:everlasting_beef":1,"artifacts:snorkel":1,"cobblemon:dawn_stone":1,"betternether:cincinnasite_stairs":1,"minecraft:arrow":25,"minecraft:nether_bricks":5,"minecraft:deepslate_bricks":214,"minecraft:hay_block":6,"create:depot":5,"minecraft:saddle":2,"minecraft:gold_ingot":1,"minecraft:glow_berries":4,"cobblemon:blue_apricorn":5,"minecraft:bone_block":3,"minecraft:wet_sponge":5,"minecraft:stripped_oak_log":32,"minecraft:basalt":23,"minecraft:glow_ink_sac":1,"minecraft:salmon":10,"minecraft:cut_sandstone":1,"minecraft:red_mushroom":3,"artifacts:anglers_hat":2,"minecraft:birch_planks":1,"minecraft:crimson_fungus":2,"minecraft:oak_log":176,"minecraft:gunpowder":8,"minecraft:white_banner":15,"minecraft:apple":1,"minecraft:kelp":180,"minecraft:iron_ingot":364,"minecraft:stone_pickaxe":1,"minecraft:glass_bottle":1,"minecraft:iron_sword":1,"minecraft:book":82,"minecraft:smooth_basalt":72,"create:large_water_wheel":2,"betternether:black_bush":4,"minecraft:dandelion":1,"minecraft:quartz":16,"minecraft:raw_iron_block":2,"cobblemon:blue_apricorn_seed":24,"minecraft:dripstone_block":18,"minecraft:gravel":17,"minecraft:amethyst_shard":2,"cobblemon:premier_ball":3,"cobblemon:yellow_apricorn_seed":24,"minecraft:white_bed":2,"justhammers:diamond_hammer":2,"betternether:cincinnasite_forged":1,"minecraft:spider_eye":4,"create:gearbox":16,"create:wheat_flour":3,"minecraft:oak_wood":7,"create:millstone":1,"create:encased_fan":3,"minecraft:diamond_axe":1,"create:portable_storage_interface":1,"minecraft:baked_potato":1,"cobblemon:water_stone":1,"create:incomplete_track":10,"minecraft:coal":228,"betternether:nether_reed_roof":1,"minecraft:ender_pearl":3},"minecraft:killed":{"minecraft:witch":2,"minecraft:spider":18,"minecraft:skeleton":32,"minecraft:bee":2,"minecraft:chicken":1,"artifacts:mimic":2,"minecraft:pig":3,"minecraft:zombie_villager":1,"minecraft:iron_golem":1,"minecraft:creeper":9,"minecraft:pillager":67,"minecraft:zombie":72,"creeperoverhaul:swamp_creeper":1,"minecraft:ghast":1,"minecraft:cow":1,"minecraft:vindicator":7,"betternether:naga":1,"cobblemon:pokemon":5,"minecraft:ravager":4,"creeperoverhaul:ocean_creeper":3,"minecraft:wither_skeleton":12,"minecraft:player":4,"minecraft:enderman":2},"minecraft:custom":{"minecraft:animals_bred":3,"minecraft:interact_with_crafting_table":188,"minecraft:open_barrel":125,"minecraft:leave_game":19,"minecraft:time_since_death":11861,"minecraft:eat_cake_slice":1,"minecraft:sprint_one_cm":1676828,"minecraft:drop":410,"minecraft:talked_to_villager":16,"minecraft:play_time":1005495,"minecraft:deaths":66,"minecraft:jump":21346,"minecraft:walk_on_water_one_cm":177093,"minecraft:enchant_item":26,"minecraft:interact_with_furnace":160,"minecraft:sleep_in_bed":5,"minecraft:damage_dealt":58512,"minecraft:player_kills":4,"minecraft:crouch_one_cm":138166,"minecraft:interact_with_smithing_table":5,"minecraft:interact_with_smoker":3,"minecraft:interact_with_anvil":5,"minecraft:mob_kills":263,"minecraft:damage_dealt_resisted":271,"minecraft:climb_one_cm":41130,"minecraft:walk_one_cm":2456315,"minecraft:damage_dealt_absorbed":406,"minecraft:raid_win":4,"minecraft:sneak_time":30716,"minecraft:walk_under_water_one_cm":156957,"minecraft:boat_one_cm":149481,"minecraft:interact_with_blast_furnace":2,"minecraft:total_world_time":1005495,"minecraft:tune_noteblock":1,"minecraft:raid_trigger":1,"minecraft:interact_with_stonecutter":6,"minecraft:interact_with_grindstone":19,"minecraft:time_since_rest":11889,"minecraft:damage_absorbed":40,"minecraft:damage_taken":30820,"minecraft:swim_one_cm":350078,"minecraft:fly_one_cm":7677092,"minecraft:open_chest":373,"minecraft:fish_caught":20,"minecraft:fall_one_cm":1769628},"minecraft:used":{"minecraft:moss_carpet":1,"create:deployer":5,"minecraft:writable_book":1,"minecraft:ladder":3,"minecraft:diamond_hoe":138,"create:portable_storage_interface":2,"betternether:flaming_ruby_pickaxe":1837,"minecraft:chest":23,"minecraft:rotten_flesh":12,"create:mechanical_bearing":1,"minecraft:birch_pressure_plate":4,"create:depot":6,"minecraft:tuff":59,"minecraft:carrot":1,"create:cogwheel":43,"betternether:flaming_ruby_sword":531,"minecraft:obsidian":14,"create:millstone":2,"create:andesite_funnel":16,"create:rotation_speed_controller":11,"minecraft:written_book":1,"create:shaft":85,"minecraft:furnace":14,"minecraft:cooked_cod":8,"minecraft:egg":6,"betternether:flaming_ruby_chestplate":2,"minecraft:diorite":10,"minecraft:diamond_boots":1,"minecraft:oak_planks":111,"minecraft:stone_pickaxe":134,"minecraft:wooden_pickaxe":6,"artifacts:eternal_steak":91,"minecraft:composter":7,"minecraft:diamond_axe":803,"minecraft:oak_leaves":5,"minecraft:golden_apple":2,"minecraft:sand":1,"minecraft:sponge":3,"minecraft:crossbow":4,"betternether:nether_ruby_leggings":1,"justhammers:diamond_destructor_hammer":275,"minecraft:shears":11,"sophisticatedbackpacks:backpack":1,"minecraft:chiseled_sandstone":1,"minecraft:bread":74,"minecraft:oak_pressure_plate":6,"create:andesite_casing":3,"minecraft:gravel":11,"minecraft:andesite":48,"create:basin":1,"create:large_cogwheel":5,"minecraft:birch_log":2,"create:vertical_gearbox":11,"minecraft:azalea":1,"minecraft:grindstone":2,"minecraft:dark_oak_fence":1,"minecraft:smithing_table":1,"minecraft:oak_boat":4,"minecraft:bone_meal":39,"minecraft:experience_bottle":1,"minecraft:flint_and_steel":7,"minecraft:enchanting_table":1,"minecraft:dried_kelp":9,"create:veridium":5,"minecraft:cooked_salmon":8,"minecraft:cooked_chicken":1,"minecraft:netherrack":450,"minecraft:torch":337,"minecraft:dirt":91,"minecraft:anvil":1,"create:mechanical_mixer":1,"minecraft:diamond_helmet":1,"minecraft:granite":231,"create:chute":2,"minecraft:bookshelf":26,"create:wrench":136,"create:gearbox":29,"minecraft:basalt":23,"minecraft:goat_horn":25,"minecraft:cobbled_deepslate":208,"create:belt_connector":32,"minecraft:wheat_seeds":41,"minecraft:water_bucket":35,"minecraft:iron_ore":146,"minecraft:birch_planks":5,"minecraft:glass_bottle":1,"create:brass_tunnel":6,"minecraft:cobblestone_slab":19,"minecraft:deepslate_bricks":3833,"create:blaze_burner":1,"minecraft:salmon":2,"create:encased_fan":9,"create:brass_funnel":5,"justhammers:diamond_hammer":1692,"minecraft:crafting_table":16,"create:mechanical_harvester":3,"minecraft:white_bed":2,"minecraft:campfire":1,"minecraft:cod":5,"bosses_of_mass_destruction:soul_star":1,"cobblemon:healing_machine":1,"justhammers:iron_hammer":84,"create:linear_chassis":12,"create:track":76,"minecraft:oak_log":23,"minecraft:diamond_pickaxe":383,"minecraft:diamond_shovel":765,"create:mechanical_press":1,"minecraft:suspicious_stew":2,"create:water_wheel":19,"justhammers:stone_hammer":56,"create:large_water_wheel":6,"minecraft:stone_axe":82,"minecraft:fishing_rod":35,"minecraft:cobblestone":698,"minecraft:white_banner":3,"minecraft:cooked_porkchop":3,"betternether:nether_ruby_pickaxe":260,"minecraft:bucket":35,"minecraft:kelp":24,"create:hand_crank":1,"minecraft:stripped_oak_log":2},"minecraft:broken":{"minecraft:stone_pickaxe":1,"betterarcheology:torrent_totem":1,"minecraft:stone_axe":1,"create:sand_paper":1},"minecraft:killed_by":{"minecraft:wither_skeleton":1,"minecraft:creeper":1,"minecraft:pillager":2,"minecraft:ravager":2,"minecraft:drowned":1,"minecraft:vindicator":2,"creeperoverhaul:ocean_creeper":1,"creeperoverhaul:cave_creeper":1,"minecraft:witch":1,"minecraft:zombie":6,"minecraft:player":4,"minecraft:iron_golem":3,"minecraft:bee":1,"minecraft:skeleton":4},"minecraft:dropped":{"minecraft:iron_sword":2,"betternether:wall_mushroom_red":1,"minecraft:birch_planks":8,"minecraft:diamond_axe":1,"minecraft:lapis_lazuli":2,"minecraft:oak_pressure_plate":5,"minecraft:diamond":14,"cobblemon:sun_stone":1,"minecraft:crossbow":4,"minecraft:glow_berries":4,"create:cogwheel":3,"create:track":12,"minecraft:saddle":1,"artifacts:anglers_hat":1,"cobblemon:moon_stone":1,"cobblemon:link_cable":1,"betternether:black_bush":5,"minecraft:red_mushroom":3,"cobblemon:dusk_stone":1,"minecraft:spruce_leaves":3,"minecraft:dirt":263,"minecraft:dark_oak_fence":8,"minecraft:cut_sandstone":1,"minecraft:gold_nugget":1,"minecraft:wet_sponge":1,"cell:bottled_air":1,"minecraft:iron_pickaxe":1,"minecraft:fishing_rod":1,"minecraft:gold_ingot":34,"minecraft:bone":2,"minecraft:gravel":6,"minecraft:crimson_fungus":2,"minecraft:goat_horn":1,"minecraft:iron_nugget":6,"minecraft:cobbled_deepslate":1797,"betternether:nether_reed_roof":1,"minecraft:wheat":391,"minecraft:pointed_dripstone":10,"minecraft:rotten_flesh":55,"minecraft:oak_planks":5,"justhammers:iron_hammer":1,"betternether:netherrack_stalactite":1,"minecraft:poppy":2,"justhammers:stone_hammer":1,"minecraft:gunpowder":8,"create:scoria":58,"minecraft:oak_wood":2,"create:wrench":1,"minecraft:glowstone":2,"betternether:ink_bush_seed":3,"cobblemon:fire_stone":3,"create:wheat_flour":4,"minecraft:arrow":14,"minecraft:oak_leaves":3,"minecraft:written_book":2,"minecraft:netherrack":591,"justhammers:diamond_hammer":3,"minecraft:iron_ingot":13,"minecraft:bread":29,"minecraft:wheat_seeds":43,"minecraft:mossy_cobblestone":1,"minecraft:dripstone_block":18,"minecraft:diamond_leggings":1,"minecraft:feather":1,"minecraft:iron_helmet":1,"minecraft:cobblestone":940,"minecraft:lead":2,"artifacts:whoopee_cushion":1,"minecraft:amethyst_block":41,"minecraft:granite":746,"minecraft:copper_ingot":34,"minecraft:stick":6,"minecraft:diorite":383,"minecraft:diamond_helmet":1,"minecraft:iron_leggings":1,"minecraft:blue_glazed_terracotta":1,"minecraft:white_banner":4,"minecraft:string":8,"create:raw_zinc":48,"minecraft:redstone":69,"minecraft:smooth_basalt":72,"minecraft:dandelion":1,"betternether:quartz_glass_framed_pane":4,"minecraft:moss_carpet":4,"minecraft:kelp":23,"create:shaft":2,"minecraft:raw_copper":42,"minecraft:bowl":3,"minecraft:tuff":538,"minecraft:raw_iron":9,"minecraft:chicken":2,"minecraft:iron_boots":1,"cobblemon:quick_ball":28,"sophisticatedbackpacks:backpack":1,"betternether:cincinnasite":7,"minecraft:nether_bricks":5,"minecraft:deepslate_bricks":4,"minecraft:cobblestone_slab":6,"minecraft:potato":1,"create:dough":4,"create:veridium":29,"minecraft:diamond_chestplate":1,"create:zinc_ingot":33,"minecraft:diamond_pickaxe":1,"minecraft:iron_chestplate":1,"minecraft:andesite":650,"betternether:bone_wall":1,"minecraft:oak_sapling":5,"cobblemon:spell_tag":1,"minecraft:diamond_boots":1,"minecraft:bow":1,"minecraft:stone_pickaxe":1,"minecraft:wooden_pickaxe":1,"minecraft:raw_gold":7,"minecraft:calcite":40,"create:andesite_funnel":1},"minecraft:mined":{"betternether:ink_bush":1,"minecraft:white_bed":2,"minecraft:farmland":9,"create:andesite_casing":32,"cobblemon:dawn_stone_ore":1,"minecraft:cave_vines_plant":1,"minecraft:granite":77,"minecraft:grass_block":211,"minecraft:crimson_fungus":1,"minecraft:deepslate_bricks":237,"minecraft:soul_soil":45,"minecraft:composter":8,"betternether:quartz_glass_framed":2,"create:belt":5,"create:rotation_speed_controller":10,"minecraft:spawner":20,"betternether:nether_grass":1,"minecraft:tall_seagrass":5,"minecraft:iron_ore":350,"minecraft:fire":7,"minecraft:moss_carpet":1,"betternether:cincinnasite_bricks_pillar":1,"minecraft:deepslate_lapis_ore":5,"minecraft:enchanting_table":1,"betternether:nether_reed_roof":12,"cobblemon:deepslate_sun_stone_ore":3,"minecraft:cave_vines":1,"minecraft:flowering_azalea_leaves":2,"minecraft:dirt_path":15,"minecraft:azalea_leaves":1,"minecraft:azalea":3,"minecraft:blue_orchid":1,"create:veridium":1,"create:limestone":2,"minecraft:cut_sandstone":3,"create:cogwheel":16,"minecraft:soul_fire":4,"minecraft:kelp_plant":37,"minecraft:crimson_nylium":2,"cobblemon:revival_herb":3,"minecraft:torch":33,"minecraft:chest":10,"create:brass_casing":1,"betternether:cincinnasite_forged":8,"minecraft:cobblestone":82,"minecraft:slime_block":13,"minecraft:oak_planks":47,"minecraft:sugar_cane":4,"betternether:nether_ruby_ore":1,"minecraft:wall_torch":2,"create:large_water_wheel":1,"minecraft:seagrass":4,"create:andesite_belt_funnel":4,"create:portable_storage_interface":1,"minecraft:birch_log":32,"minecraft:wheat":16,"create:brass_belt_funnel":2,"minecraft:orange_tulip":1,"minecraft:black_bed":1,"minecraft:grass":258,"minecraft:oak_log":175,"minecraft:dirt":177,"minecraft:sand":16,"betternether:cincinnasite_slab":1,"minecraft:netherrack":836,"create:linear_chassis":5,"minecraft:deepslate":22,"create:crimsite":9,"minecraft:oak_leaves":60,"minecraft:suspicious_gravel":1,"minecraft:nether_gold_ore":3,"create:brass_funnel":2,"minecraft:tuff":5,"betternether:stalagnate_fence":1,"create:millstone":1,"minecraft:mossy_cobblestone":1,"minecraft:deepslate_diamond_ore":37,"minecraft:nether_bricks":5,"minecraft:dark_oak_fence":12,"betternether:nether_brick_tile_small":3,"create:large_cogwheel":4,"create:depot":5,"create:encased_fan":3,"betternether:stalagnate_roof":2,"minecraft:spruce_leaves":3,"minecraft:moss_block":34,"minecraft:kelp":15,"minecraft:large_fern":3,"minecraft:hay_block":6,"minecraft:redstone_ore":6,"create:shaft":32,"minecraft:furnace":6,"minecraft:chiseled_sandstone":1,"minecraft:suspicious_sand":1,"minecraft:andesite":92,"betternether:quartz_glass_framed_pane":7,"minecraft:bookshelf":26,"minecraft:deepslate_iron_ore":1,"minecraft:cobblestone_slab":5,"minecraft:vine":47,"create:chute":1,"minecraft:stripped_oak_log":32,"create:deployer":3,"minecraft:wet_sponge":3,"minecraft:blue_glazed_terracotta":3,"minecraft:stone":320,"betternether:netherrack_moss":27,"minecraft:acacia_leaves":1,"minecraft:flowering_azalea":2,"betternether:cincinnasite_stairs":7,"minecraft:basalt":28,"create:track":15,"minecraft:crafting_table":12,"betternether:bone_wall":1,"minecraft:oak_wood":6,"minecraft:rose_bush":1,"create:water_wheel":12,"minecraft:copper_ore":7,"minecraft:tall_grass":81,"minecraft:diorite":78,"create:water_wheel_structure":1,"minecraft:coarse_dirt":1,"create:gearbox":28,"minecraft:birch_leaves":2,"minecraft:bee_nest":1,"minecraft:yellow_bed":1,"betternether:wall_mushroom_red":1,"minecraft:coal_ore":110,"minecraft:gravel":379,"minecraft:dripstone_block":3,"create:andesite_funnel":7,"minecraft:fern":3},"minecraft:crafted":{"justhammers:netherite_hammer":1,"minecraft:grindstone":2,"minecraft:oak_planks":740,"minecraft:cobblestone_slab":24,"minecraft:oak_pressure_plate":7,"create:mechanical_harvester":3,"minecraft:stone":6,"minecraft:diamond_shovel":1,"create:mechanical_bearing":1,"minecraft:bookshelf":26,"create:deployer":1,"justhammers:reinforced_core":1,"create:vertical_gearbox":2,"create:rotation_speed_controller":1,"minecraft:glass":6,"minecraft:diamond_helmet":1,"create:andesite_funnel":8,"minecraft:diamond_leggings":1,"create:mechanical_press":1,"justhammers:diamond_hammer":7,"minecraft:chest":13,"create:brass_funnel":2,"create:cogwheel":77,"create:brass_hand":1,"minecraft:glass_bottle":6,"minecraft:oak_slab":6,"cell:bottled_air":1,"create:depot":1,"create:rose_quartz":8,"minecraft:cooked_porkchop":9,"minecraft:diamond_axe":1,"minecraft:crafting_table":4,"justhammers:reinforced_impact_core":1,"betternether:flaming_ruby_pickaxe":1,"minecraft:wooden_pickaxe":1,"betternether:flaming_ruby_boots":1,"minecraft:birch_pressure_plate":4,"create:zinc_nugget":144,"minecraft:smithing_table":1,"minecraft:copper_ingot":64,"create:sand_paper":1,"minecraft:gold_block":2,"minecraft:birch_planks":72,"minecraft:campfire":1,"create:mechanical_mixer":1,"create:gearbox":15,"create:encased_fan":6,"cobblemon:quick_ball":4,"cobblemon:healing_machine":1,"minecraft:paper":3,"minecraft:diamond_pickaxe":1,"create:water_wheel":11,"create:portable_storage_interface":2,"create:super_glue":1,"minecraft:stick":216,"minecraft:stone_slab":6,"minecraft:iron_ingot":191,"minecraft:iron_block":5,"minecraft:gold_ingot":82,"create:large_cogwheel":11,"create:propeller":6,"minecraft:netherite_ingot":3,"betternether:nether_ruby_chestplate":1,"minecraft:sponge":3,"minecraft:deepslate_bricks":1,"minecraft:shears":2,"create:empty_blaze_burner":1,"cobblemon:revive":1,"create:chute":4,"artifacts:eternal_steak":1,"minecraft:raw_iron":18,"betternether:flaming_ruby_chestplate":1,"create:wrench":1,"minecraft:iron_nugget":453,"minecraft:diamond_hoe":1,"minecraft:furnace":10,"minecraft:bone_meal":39,"betternether:flaming_ruby_leggings":1,"betternether:nether_ruby_leggings":1,"minecraft:diamond_block":6,"minecraft:flint_and_steel":1,"justhammers:destructor_core":1,"minecraft:ladder":3,"minecraft:slime_ball":9,"create:millstone":1,"minecraft:stone_pickaxe":1,"minecraft:diamond_boots":1,"minecraft:redstone_block":19,"create:basin":1,"create:electron_tube":5,"create:belt_connector":11,"minecraft:wheat":54,"minecraft:cooked_cod":8,"create:andesite_alloy":125,"create:hand_crank":1,"justhammers:diamond_destructor_hammer":1,"create:brass_tunnel":6,"minecraft:dried_kelp":113,"create:large_water_wheel":4,"minecraft:cooked_salmon":8,"minecraft:bucket":1,"minecraft:stone_axe":1,"minecraft:air":0,"betternether:nether_ruby_boots":1,"minecraft:oak_boat":3,"justhammers:iron_hammer":1,"create:whisk":1,"justhammers:stone_hammer":1,"cobblemon:heal_powder":1,"create:linear_chassis":9,"minecraft:anvil":1,"justhammers:impact_core":1,"create:shaft":160,"minecraft:torch":348,"create:zinc_ingot":108,"minecraft:diamond_chestplate":1}},"DataVersion":3465}