{"stats":{"minecraft:used":{"minecraft:stone_axe":1,"minecraft:crafting_table":1,"minecraft:stone_pickaxe":9,"minecraft:wooden_pickaxe":6},"minecraft:picked_up":{"minecraft:crafting_table":1,"cobblemon:blue_apricorn_seed":2,"cobblemon:oran_berry":56,"minecraft:oak_log":6,"cobblemon:blue_apricorn":5,"minecraft:cobblestone":13},"minecraft:crafted":{"minecraft:oak_planks":24,"minecraft:stone_axe":1,"minecraft:crafting_table":1,"minecraft:stick":8,"minecraft:wooden_pickaxe":1,"minecraft:stone_pickaxe":1},"minecraft:mined":{"minecraft:oak_log":6,"minecraft:stone":14,"minecraft:crafting_table":1},"minecraft:custom":{"minecraft:time_since_rest":3565,"minecraft:play_time":3565,"minecraft:sprint_one_cm":6300,"minecraft:damage_taken":50,"minecraft:walk_one_cm":6752,"minecraft:sneak_time":23,"minecraft:walk_under_water_one_cm":1526,"minecraft:jump":43,"minecraft:damage_dealt":12,"minecraft:walk_on_water_one_cm":511,"minecraft:leave_game":1,"minecraft:time_since_death":3565,"minecraft:total_world_time":3565,"minecraft:swim_one_cm":7232,"minecraft:fall_one_cm":1923,"minecraft:interact_with_crafting_table":4,"minecraft:fly_one_cm":8443}},"DataVersion":3465}