{"stats":{"minecraft:killed_by":{"creeperoverhaul:cave_creeper":1},"minecraft:used":{"minecraft:diamond_boots":1,"minecraft:stone_pickaxe":50,"minecraft:wooden_pickaxe":6,"justhammers:diamond_hammer":360,"minecraft:crafting_table":7,"minecraft:diamond_helmet":1,"justhammers:iron_hammer":84,"justhammers:stone_hammer":56,"minecraft:stone_axe":52,"minecraft:furnace":4,"minecraft:cobbled_deepslate":88},"minecraft:picked_up":{"minecraft:crafting_table":7,"minecraft:andesite":49,"minecraft:tuff":129,"create:raw_zinc":62,"minecraft:oak_log":6,"minecraft:lapis_lazuli":66,"cobblemon:revival_herb":10,"minecraft:cobbled_deepslate":1058,"minecraft:raw_gold":16,"minecraft:iron_ingot":1,"cobblemon:oran_berry":56,"minecraft:furnace":3,"minecraft:raw_iron":41,"cobblemon:blue_apricorn_seed":2,"minecraft:raw_iron_block":2,"minecraft:diorite":64,"minecraft:redstone":52,"artifacts:snorkel":1,"minecraft:rotten_flesh":8,"minecraft:diamond":54,"minecraft:slime_block":8,"create:scoria":58,"cobblemon:blue_apricorn":5,"minecraft:coal":1,"minecraft:cobblestone":307},"minecraft:dropped":{"minecraft:cobbled_deepslate":356,"minecraft:tuff":66,"minecraft:rotten_flesh":8,"justhammers:iron_hammer":1,"minecraft:stick":1,"justhammers:stone_hammer":1,"create:scoria":58,"minecraft:andesite":49,"minecraft:wooden_pickaxe":1},"minecraft:killed":{"minecraft:witch":1,"minecraft:spider":1,"minecraft:skeleton":3,"minecraft:zombie":11,"artifacts:mimic":1},"minecraft:crafted":{"minecraft:oak_planks":24,"minecraft:crafting_table":1,"minecraft:wooden_pickaxe":1,"minecraft:furnace":1,"minecraft:stone":3,"minecraft:stone_axe":1,"minecraft:air":0,"justhammers:iron_hammer":1,"minecraft:diamond_helmet":1,"minecraft:diamond_leggings":1,"justhammers:stone_hammer":1,"minecraft:stick":16,"minecraft:iron_ingot":7,"justhammers:diamond_hammer":1,"minecraft:stone_pickaxe":1,"minecraft:diamond_boots":1,"minecraft:diamond_chestplate":1},"minecraft:mined":{"minecraft:tuff":2,"cobblemon:revival_herb":3,"minecraft:crafting_table":7,"minecraft:tall_grass":2,"minecraft:slime_block":9,"minecraft:furnace":4,"minecraft:grass":1,"minecraft:oak_log":6,"minecraft:coal_ore":1,"minecraft:azalea":1,"minecraft:stone":51,"minecraft:deepslate":6},"minecraft:custom":{"minecraft:interact_with_furnace":7,"minecraft:mob_kills":17,"minecraft:interact_with_crafting_table":17,"minecraft:open_barrel":2,"minecraft:leave_game":3,"minecraft:time_since_death":9272,"minecraft:sleep_in_bed":1,"minecraft:climb_one_cm":98,"minecraft:time_since_rest":9300,"minecraft:sprint_one_cm":46578,"minecraft:damage_taken":658,"minecraft:walk_one_cm":159193,"minecraft:drop":23,"minecraft:damage_dealt":4081,"minecraft:damage_dealt_absorbed":80,"minecraft:swim_one_cm":15262,"minecraft:fly_one_cm":79800,"minecraft:open_chest":1,"minecraft:crouch_one_cm":1570,"minecraft:play_time":43556,"minecraft:deaths":2,"minecraft:sneak_time":378,"minecraft:walk_under_water_one_cm":5023,"minecraft:jump":892,"minecraft:walk_on_water_one_cm":7384,"minecraft:total_world_time":43556,"minecraft:fall_one_cm":29456}},"DataVersion":3465}