{"stats":{"minecraft:killed_by":{"minecraft:illusioner":1},"minecraft:used":{"minecraft:oak_log":2,"minecraft:lava_bucket":3,"minecraft:iron_axe":10,"minecraft:redstone":1,"minecraft:iron_pickaxe":4,"minecraft:iron_helmet":1,"minecraft:iron_chestplate":1,"minecraft:diamond_sword":15,"minecraft:beef":2,"minecraft:crafting_table":1},"minecraft:picked_up":{"minecraft:birch_log":3,"minecraft:crafting_table":1,"minecraft:redstone_lamp":2,"minecraft:leather":4,"minecraft:oak_log":8,"minecraft:bone":2,"villagersplus:occultist_table":1,"minecraft:wheat_seeds":8,"minecraft:beef":5,"minecraft:flowering_azalea":1},"minecraft:dropped":{"minecraft:birch_planks":8,"minecraft:wheat_seeds":8,"minecraft:leather":4,"minecraft:redstone":1,"minecraft:stick":6},"minecraft:killed":{"minecraft:skeleton":1,"minecraft:zombie":1,"minecraft:cow":2},"minecraft:crafted":{"minecraft:iron_axe":1,"minecraft:crafting_table":1,"minecraft:iron_pickaxe":1,"minecraft:birch_planks":12},"minecraft:mined":{"minecraft:birch_log":3,"minecraft:fire":4,"minecraft:birch_leaves":1,"minecraft:crafting_table":1,"minecraft:grass":24,"minecraft:oak_log":8,"minecraft:tall_grass":37,"villagersplus:occultist_table":1,"minecraft:oak_leaves":1,"minecraft:redstone_lamp":2,"minecraft:fern":1},"minecraft:custom":{"minecraft:time_since_rest":13558,"minecraft:sprint_one_cm":57415,"minecraft:damage_taken":338,"minecraft:walk_one_cm":22410,"minecraft:mob_kills":4,"minecraft:drop":11,"minecraft:damage_dealt":510,"minecraft:swim_one_cm":3104,"minecraft:talked_to_villager":1,"minecraft:interact_with_crafting_table":1,"minecraft:fly_one_cm":144207,"minecraft:open_barrel":27,"minecraft:open_chest":13,"minecraft:crouch_one_cm":1132,"minecraft:play_time":19321,"minecraft:deaths":1,"minecraft:sneak_time":485,"minecraft:walk_under_water_one_cm":994,"minecraft:jump":360,"minecraft:walk_on_water_one_cm":7604,"minecraft:time_since_death":13530,"minecraft:climb_one_cm":4719,"minecraft:total_world_time":19321,"minecraft:fall_one_cm":15459}},"DataVersion":3465}