{"stats":{"minecraft:killed_by":{"minecraft:illusioner":1},"minecraft:used":{"minecraft:iron_chestplate":1,"minecraft:diamond_sword":12,"minecraft:lava_bucket":3,"minecraft:iron_helmet":1},"minecraft:picked_up":{"minecraft:bone":2,"minecraft:flowering_azalea":1},"minecraft:killed":{"minecraft:skeleton":1,"minecraft:zombie":1},"minecraft:mined":{"minecraft:grass":1,"minecraft:fire":4,"minecraft:birch_leaves":1},"minecraft:custom":{"minecraft:open_barrel":27,"minecraft:time_since_rest":1558,"minecraft:open_chest":7,"minecraft:crouch_one_cm":607,"minecraft:play_time":7321,"minecraft:sprint_one_cm":22850,"minecraft:deaths":1,"minecraft:damage_taken":276,"minecraft:walk_one_cm":9011,"minecraft:sneak_time":318,"minecraft:walk_under_water_one_cm":835,"minecraft:mob_kills":2,"minecraft:jump":98,"minecraft:damage_dealt":310,"minecraft:time_since_death":1530,"minecraft:walk_on_water_one_cm":1408,"minecraft:total_world_time":7321,"minecraft:climb_one_cm":152,"minecraft:talked_to_villager":1,"minecraft:swim_one_cm":828,"minecraft:fall_one_cm":3656,"minecraft:fly_one_cm":37823}},"DataVersion":3465}