{"stats":{"minecraft:picked_up":{"minecraft:wheat":711,"minecraft:stone_slab":1,"minecraft:diamond_sword":1,"minecraft:oak_stairs":5,"minecraft:potion":1,"aquamirae:coral_lance":1,"minecraft:string":4,"minecraft:soul_soil":1,"minecraft:raw_copper":170,"create:andesite_funnel":1,"create:water_wheel":15,"minecraft:diamond_leggings":2,"minecraft:cobbled_deepslate":71,"minecraft:gold_nugget":33,"minecraft:cobblestone_slab":12,"minecraft:calcite":6,"minecraft:iron_pickaxe":2,"betternether:quartz_glass_framed_pane":6,"minecraft:furnace":2,"create:mechanical_mixer":1,"create:dough":9,"minecraft:torch":3,"create:andesite_casing":17,"betternether:nether_brick_tile_slab":2,"betterend:end_fish_raw":1,"minecraft:pointed_dripstone":22,"minecraft:diorite":149,"betternether:lapis_pile":16,"create:large_cogwheel":3,"minecraft:rotten_flesh":12,"betternether:cincinnasite_lantern_small":1,"villagersplus:occultist_table":1,"create:track":134,"minecraft:obsidian":1,"minecraft:cobblestone":3044,"minecraft:birch_log":3,"minecraft:feather":1,"minecraft:cooked_beef":1,"minecraft:water_bucket":2,"minecraft:andesite":702,"minecraft:brown_wool":3,"artifacts:thorn_pendant":1,"minecraft:flint":4,"minecraft:tuff":38,"create:raw_zinc":20,"minecraft:dirt":367,"minecraft:bone":12,"minecraft:wheat_seeds":150,"minecraft:raw_gold":4,"cobblemon:thunder_stone":2,"create:shaft":4,"minecraft:rabbit":1,"minecraft:diamond_helmet":1,"minecraft:glowstone_dust":2,"minecraft:moss_block":6,"minecraft:oak_planks":21,"cobblemon:sun_stone":2,"create:cogwheel":19,"minecraft:sand":3,"minecraft:grass_block":1,"create:crimsite":4,"minecraft:diamond":3,"minecraft:crossbow":1,"minecraft:granite":510,"minecraft:emerald":24,"minecraft:bread":29,"cobblemon:medicinal_leek":3,"minecraft:netherrack":279,"minecraft:coarse_dirt":1,"minecraft:crafting_table":3,"minecraft:chicken":1,"minecraft:redstone_lamp":2,"create:rotation_speed_controller":8,"minecraft:moss_carpet":8,"minecraft:iron_axe":1,"artifacts:fire_gauntlet":1,"create:brass_funnel":5,"minecraft:beef":11,"cobblemon:relic_coin":38,"create:basin":1,"minecraft:iron_nugget":4,"minecraft:poppy":1,"minecraft:chest":2,"minecraft:egg":11,"minecraft:raw_iron":29,"minecraft:copper_ingot":23,"create:hand_crank":7,"minecraft:redstone":75,"create:zinc_ingot":25,"create:deployer":8,"minecraft:arrow":8,"minecraft:diamond_chestplate":1,"minecraft:deepslate_bricks":49,"minecraft:diamond_boots":1,"minecraft:hay_block":17,"minecraft:saddle":3,"minecraft:gold_ingot":6,"cobblemon:air_balloon":1,"minecraft:glow_berries":2,"minecraft:mutton":4,"minecraft:skeleton_skull":2,"minecraft:white_wool":2,"minecraft:wet_sponge":4,"minecraft:basalt":8,"minecraft:leather":9,"aquamirae:spinefish":1,"minecraft:oak_log":37,"create:blaze_burner":2,"minecraft:deepslate_tile_slab":1,"minecraft:white_banner":2,"minecraft:iron_ingot":38,"minecraft:flowering_azalea":3,"minecraft:sculk_catalyst":1,"minecraft:smooth_basalt":9,"minecraft:quartz":13,"minecraft:raw_iron_block":1,"minecraft:dripstone_block":42,"minecraft:gravel":53,"minecraft:white_bed":1,"justhammers:diamond_hammer":1,"minecraft:spider_eye":3,"create:wheat_flour":18,"create:brass_ingot":10,"betternether:cincinnasite_forge":1,"create:zinc_nugget":2,"create:incomplete_track":19,"minecraft:coal":83},"minecraft:custom":{"minecraft:interact_with_crafting_table":44,"minecraft:open_barrel":47,"minecraft:leave_game":7,"minecraft:time_since_death":121177,"minecraft:sprint_one_cm":1214885,"minecraft:damage_blocked_by_shield":150,"minecraft:drop":566,"minecraft:talked_to_villager":6,"minecraft:play_time":570943,"minecraft:deaths":12,"minecraft:jump":6086,"minecraft:walk_on_water_one_cm":68402,"minecraft:interact_with_furnace":14,"minecraft:sleep_in_bed":1,"minecraft:damage_dealt":27136,"minecraft:player_kills":2,"minecraft:crouch_one_cm":67499,"minecraft:interact_with_smoker":4,"minecraft:mob_kills":99,"minecraft:inspect_hopper":35,"minecraft:damage_dealt_resisted":210,"minecraft:climb_one_cm":18316,"minecraft:walk_one_cm":979126,"minecraft:raid_win":1,"minecraft:sneak_time":25391,"minecraft:walk_under_water_one_cm":31627,"minecraft:boat_one_cm":224270,"minecraft:interact_with_blast_furnace":15,"minecraft:total_world_time":570943,"minecraft:raid_trigger":1,"minecraft:interact_with_grindstone":2,"minecraft:interact_with_stonecutter":1,"minecraft:time_since_rest":121209,"minecraft:damage_taken":4218,"minecraft:swim_one_cm":22268,"minecraft:fly_one_cm":2868744,"minecraft:open_chest":299,"minecraft:fall_one_cm":152807},"minecraft:killed":{"minecraft:zombified_piglin":1,"minecraft:witch":1,"minecraft:spider":8,"minecraft:skeleton":11,"artifacts:mimic":1,"betternether:hydrogen_jellyfish":2,"minecraft:creeper":3,"minecraft:pillager":15,"minecraft:zombie":13,"minecraft:ghast":2,"minecraft:cow":2,"minecraft:vindicator":3,"minecraft:horse":2,"minecraft:drowned":1,"minecraft:warden":1,"betternether:naga":1,"cobblemon:pokemon":24,"minecraft:ravager":2,"minecraft:player":2,"minecraft:villager":1,"minecraft:enderman":2},"minecraft:used":{"create:deployer":9,"minecraft:ladder":3,"betternether:flaming_ruby_pickaxe":593,"minecraft:chest":21,"minecraft:iron_chestplate":1,"minecraft:mutton":2,"create:cogwheel":109,"minecraft:deepslate_tile_slab":34,"create:depot":4,"minecraft:obsidian":34,"minecraft:lava_bucket":47,"minecraft:grass_block":192,"minecraft:iron_helmet":1,"create:andesite_funnel":1,"create:rotation_speed_controller":27,"minecraft:written_book":1,"create:shaft":126,"minecraft:furnace":6,"create:mechanical_drill":16,"minecraft:diorite":10,"create:crushing_wheel":5,"minecraft:oak_planks":76,"villagersplus:alchemist_table":1,"minecraft:sugar_cane":80,"minecraft:oak_leaves":15,"betternether:flaming_ruby_hoe":19,"minecraft:blast_furnace":2,"minecraft:sponge":17,"minecraft:dripstone_block":17,"mcdw:axe_axe":49,"minecraft:bread":10,"create:andesite_casing":108,"minecraft:fire_charge":3,"minecraft:diamond_sword":55,"create:basin":2,"minecraft:grindstone":8,"minecraft:andesite":19,"create:vertical_gearbox":80,"create:large_cogwheel":17,"minecraft:flint_and_steel":11,"minecraft:redstone":1,"minecraft:netherrack":46,"minecraft:torch":83,"minecraft:dirt":219,"create:mechanical_mixer":6,"minecraft:hopper":26,"villagersplus:oceanographer_table":2,"minecraft:granite":14,"aquamirae:coral_lance":198,"create:chute":2,"create:wrench":42,"create:gearbox":64,"minecraft:iron_axe":57,"minecraft:oak_stairs":9,"create:vertical_framed_glass":5,"villagersplus:occultist_table":2,"create:encased_chain_drive":49,"minecraft:beef":5,"minecraft:goat_horn":1,"minecraft:cooked_beef":24,"minecraft:cobbled_deepslate":10,"create:belt_connector":9,"minecraft:water_bucket":130,"minecraft:spruce_chest_boat":1,"minecraft:cobblestone_slab":13,"minecraft:deepslate_bricks":154,"create:blaze_burner":4,"minecraft:oak_slab":5,"create:encased_fan":18,"create:brass_funnel":3,"justhammers:diamond_hammer":271,"minecraft:crafting_table":4,"minecraft:white_bed":1,"minecraft:smoker":2,"betternether:flaming_ruby_shovel":262,"minecraft:oak_log":34,"create:track":52,"create:mechanical_press":1,"minecraft:iron_pickaxe":39,"betterend:lucernia_chest":1,"create:water_wheel":32,"minecraft:stone_slab":1,"minecraft:spruce_trapdoor":7,"create:large_water_wheel":16,"minecraft:cobblestone":489,"minecraft:potion":1,"minecraft:bucket":44,"mcdw:shield_tower_guard":7,"create:creative_fluid_tank":13,"create:hand_crank":9},"minecraft:killed_by":{"minecraft:creeper":1,"minecraft:illusioner":1,"minecraft:player":1,"minecraft:spider":1,"minecraft:skeleton":1},"minecraft:dropped":{"create:vertical_gearbox":1,"minecraft:moss_block":6,"minecraft:birch_planks":8,"minecraft:cooked_beef":1,"minecraft:oak_log":20,"minecraft:diamond":3,"minecraft:crossbow":1,"minecraft:glow_berries":2,"create:cogwheel":3,"minecraft:leather":9,"create:track":139,"create:crimsite":4,"minecraft:flint":23,"minecraft:gold_block":1,"minecraft:dirt":204,"create:incomplete_track":20,"minecraft:netherite_scrap":1,"minecraft:mutton":2,"minecraft:wet_sponge":1,"minecraft:bone_block":3,"create:large_cogwheel":2,"minecraft:iron_pickaxe":2,"minecraft:white_wool":1,"minecraft:gold_ingot":9,"minecraft:bone":10,"minecraft:gravel":543,"minecraft:iron_nugget":8,"minecraft:cobbled_deepslate":50,"minecraft:wheat":1306,"minecraft:obsidian":2,"minecraft:pointed_dripstone":22,"minecraft:rotten_flesh":11,"aquamirae:coral_lance":1,"minecraft:oak_planks":7,"minecraft:glowstone_dust":2,"betternether:nether_brick_tile_slab":2,"minecraft:poppy":1,"minecraft:skeleton_skull":2,"minecraft:charcoal":4,"create:gearbox":2,"minecraft:hopper":2,"minecraft:chest":5,"create:brass_ingot":26,"create:wheat_flour":85,"minecraft:arrow":2,"minecraft:quartz":6,"minecraft:oak_leaves":1,"minecraft:written_book":1,"minecraft:netherrack":34,"minecraft:egg":3,"minecraft:water_bucket":2,"justhammers:diamond_hammer":1,"minecraft:iron_ingot":62,"minecraft:oak_slab":1,"minecraft:wheat_seeds":152,"betternether:cincinnasite_forge":1,"minecraft:dripstone_block":31,"minecraft:diamond_leggings":2,"minecraft:iron_helmet":2,"minecraft:feather":1,"minecraft:cobblestone":2793,"minecraft:granite":454,"create:zinc_nugget":12,"minecraft:copper_ingot":134,"minecraft:deepslate_tile_slab":1,"minecraft:grass_block":3,"minecraft:coal":11,"minecraft:stick":6,"minecraft:iron_block":1,"minecraft:diorite":75,"minecraft:torch":2,"minecraft:rabbit":1,"minecraft:brown_wool":3,"minecraft:diamond_helmet":1,"minecraft:oak_stairs":3,"minecraft:flowering_azalea":3,"minecraft:iron_axe":1,"minecraft:string":4,"minecraft:bucket":1,"create:sand_paper":1,"minecraft:redstone":3,"betternether:quartz_glass_framed_pane":6,"minecraft:furnace":1,"minecraft:moss_carpet":8,"create:brass_funnel":4,"create:shaft":4,"minecraft:coarse_dirt":2,"minecraft:raw_copper":67,"minecraft:tuff":38,"minecraft:raw_iron":2,"minecraft:chicken":1,"minecraft:stone_slab":233,"minecraft:deepslate_bricks":1,"minecraft:diamond_sword":1,"minecraft:cobblestone_slab":13,"create:dough":9,"minecraft:diamond_chestplate":1,"minecraft:spruce_trapdoor":1,"create:zinc_ingot":154,"minecraft:iron_chestplate":1,"minecraft:andesite":59,"aquamirae:spinefish":1,"minecraft:spider_eye":3,"minecraft:diamond_boots":1,"minecraft:raw_gold":1,"minecraft:calcite":6,"minecraft:cooked_rabbit":1,"betterend:end_fish_raw":1,"create:andesite_funnel":2,"artifacts:fire_gauntlet":1},"minecraft:mined":{"create:deepslate_zinc_ore":20,"minecraft:white_bed":1,"create:andesite_casing":17,"minecraft:obsidian":1,"minecraft:granite":55,"minecraft:grass_block":105,"minecraft:soul_soil":1,"minecraft:deepslate_bricks":53,"minecraft:hopper":1,"create:rotation_speed_controller":8,"minecraft:magma_block":1,"minecraft:cobbled_deepslate":2,"minecraft:fire":15,"minecraft:moss_carpet":1,"minecraft:pointed_dripstone":6,"minecraft:dirt_path":68,"minecraft:oak_stairs":3,"minecraft:deepslate_redstone_ore":1,"create:cogwheel":14,"minecraft:deepslate_tile_slab":1,"minecraft:torch":1,"minecraft:calcite":6,"minecraft:poppy":1,"minecraft:cobblestone":52,"minecraft:oak_planks":22,"create:basin":1,"minecraft:birch_log":3,"minecraft:wheat":13,"create:mechanical_mixer":1,"create:brass_belt_funnel":3,"cobblemon:deepslate_thunder_stone_ore":1,"minecraft:grass":292,"minecraft:oak_log":30,"create:hand_crank":2,"minecraft:sand":3,"minecraft:dirt":89,"villagersplus:occultist_table":1,"minecraft:netherrack":3,"create:crimsite":4,"minecraft:oak_leaves":4,"minecraft:deepslate":4,"minecraft:redstone_lamp":2,"create:zinc_ore":12,"minecraft:deepslate_diamond_ore":3,"create:large_cogwheel":3,"minecraft:moss_block":1,"minecraft:large_fern":1,"minecraft:hay_block":17,"create:shaft":3,"minecraft:furnace":2,"minecraft:andesite":77,"minecraft:peony":1,"minecraft:vine":2,"create:deployer":8,"minecraft:wet_sponge":4,"minecraft:stone":131,"minecraft:soul_sand":1,"create:track":12,"minecraft:crafting_table":3,"minecraft:oak_wood":1,"create:water_wheel":15,"minecraft:stone_slab":1,"minecraft:tall_grass":118,"minecraft:copper_ore":2,"minecraft:deepslate_gold_ore":6,"minecraft:diorite":39,"create:blaze_burner":2,"minecraft:birch_leaves":1,"minecraft:coal_ore":11,"minecraft:dripstone_block":19,"minecraft:deepslate_emerald_ore":23,"minecraft:fern":1},"minecraft:crafted":{"minecraft:oak_planks":516,"create:deployer":1,"create:mechanical_press":1,"create:cogwheel":5,"create:brass_hand":1,"create:depot":1,"create:rose_quartz":7,"minecraft:crafting_table":2,"mcdw:axe_axe":1,"create:zinc_nugget":45,"minecraft:copper_ingot":37,"create:sand_paper":1,"minecraft:birch_planks":12,"create:gearbox":1,"minecraft:paper":3,"create:water_wheel":9,"minecraft:stick":128,"minecraft:iron_ingot":63,"minecraft:iron_pickaxe":1,"create:large_cogwheel":5,"minecraft:netherite_ingot":10,"minecraft:sponge":3,"minecraft:iron_nugget":1971,"minecraft:furnace":1,"minecraft:iron_axe":1,"minecraft:ladder":33,"mcdw:shield_tower_guard":1,"create:basin":1,"create:electron_tube":1,"minecraft:wheat":153,"minecraft:cooked_beef":6,"create:andesite_alloy":96,"create:large_water_wheel":3,"minecraft:bucket":1,"minecraft:air":0,"minecraft:oak_stairs":4,"create:shaft":80,"create:zinc_ingot":65}},"DataVersion":3465}