{"stats":{"minecraft:crafted":{"minecraft:wooden_sword":1,"minecraft:oak_planks":32,"minecraft:iron_boots":1,"minecraft:iron_chestplate":1,"minecraft:iron_axe":1,"minecraft:crafting_table":1,"minecraft:spruce_planks":64,"minecraft:stick":8,"minecraft:iron_pickaxe":1,"minecraft:wooden_pickaxe":1,"minecraft:wooden_axe":1,"minecraft:iron_leggings":1,"minecraft:dark_oak_planks":28},"minecraft:dropped":{"minecraft:wooden_axe":1,"minecraft:andesite":1,"minecraft:wooden_sword":2,"minecraft:wooden_pickaxe":1,"minecraft:white_wool":1},"minecraft:custom":{"minecraft:time_since_rest":20252,"minecraft:sprint_one_cm":41532,"minecraft:damage_taken":150,"minecraft:walk_one_cm":24068,"minecraft:mob_kills":9,"minecraft:drop":6,"minecraft:damage_dealt":1706,"minecraft:swim_one_cm":38087,"minecraft:interact_with_crafting_table":3,"minecraft:fly_one_cm":45860,"minecraft:open_barrel":20,"minecraft:open_chest":3,"minecraft:crouch_one_cm":842,"minecraft:play_time":20252,"minecraft:sneak_time":329,"minecraft:walk_under_water_one_cm":2830,"minecraft:jump":198,"minecraft:leave_game":2,"minecraft:walk_on_water_one_cm":6127,"minecraft:time_since_death":20252,"minecraft:climb_one_cm":1853,"minecraft:total_world_time":20252,"minecraft:fall_one_cm":2191},"minecraft:used":{"minecraft:oak_log":3,"minecraft:wooden_axe":9,"minecraft:iron_axe":2,"minecraft:oak_planks":1,"minecraft:iron_sword":24,"minecraft:wooden_sword":5,"minecraft:beef":1,"minecraft:crafting_table":2,"minecraft:cooked_cod":1},"minecraft:killed":{"minecraft:sheep":1,"minecraft:pillager":2,"minecraft:zombie":1,"minecraft:spider":1,"minecraft:vindicator":4},"minecraft:picked_up":{"minecraft:crafting_table":2,"minecraft:andesite":1,"minecraft:oak_log":11,"minecraft:string":1,"minecraft:wooden_sword":1,"minecraft:emerald":1,"minecraft:mutton":2,"minecraft:white_wool":1},"minecraft:mined":{"minecraft:crafting_table":2,"minecraft:grass":3,"minecraft:oak_log":11,"minecraft:vine":1,"minecraft:tall_grass":1,"minecraft:oak_planks":1}},"DataVersion":3465}