{"stats":{"minecraft:picked_up":{"minecraft:wheat":940,"minecraft:smithing_table":1,"cobblemon:red_apricorn":2,"minecraft:oak_stairs":5,"minecraft:string":10,"minecraft:raw_copper":117,"minecraft:diamond_leggings":1,"minecraft:cobbled_deepslate":1,"minecraft:spruce_planks":1,"cobblemon:oran_berry":1,"minecraft:written_book":3,"minecraft:calcite":2,"minecraft:azalea":2,"minecraft:iron_pickaxe":1,"cobblemon:quick_ball":33,"minecraft:furnace":3,"cobblemon:spell_tag":1,"create:dough":220,"minecraft:oak_fence":1,"minecraft:torch":2,"minecraft:porkchop":9,"minecraft:rabbit_foot":1,"minecraft:yellow_banner":2,"minecraft:rotten_flesh":24,"minecraft:glowstone":4,"villagersplus:alchemist_table":1,"minecraft:iron_bars":1,"minecraft:cobblestone":89,"minecraft:birch_log":3,"minecraft:magma_block":1,"minecraft:cooked_beef":6,"minecraft:andesite":1,"minecraft:dark_oak_boat":4,"minecraft:potato":6,"cobblemon:roseate_ball":1,"minecraft:flint":19,"minecraft:tuff":1,"create:raw_zinc":9,"betternether:wart_seed":3,"minecraft:dirt":51,"minecraft:bone":22,"minecraft:chipped_anvil":2,"minecraft:bow":1,"minecraft:wheat_seeds":52,"cobblemon:black_apricorn":4,"minecraft:raw_gold":8,"minecraft:diamond_helmet":1,"cobblemon:moon_stone":2,"minecraft:moss_block":2,"minecraft:oak_planks":60,"cobblemon:kasib_berry":1,"minecraft:cooked_porkchop":8,"minecraft:oak_pressure_plate":1,"cobblemon:fire_stone":1,"minecraft:sand":3,"sophisticatedbackpacks:iron_backpack":1,"minecraft:cyan_bed":4,"create:crimsite":2,"minecraft:diamond":1,"minecraft:granite":12,"minecraft:crossbow":1,"minecraft:emerald":15,"minecraft:netherrack":7,"minecraft:dark_oak_fence":4,"minecraft:diamond_pickaxe":1,"minecraft:crafting_table":11,"minecraft:nether_wart":35,"cobblemon:yellow_apricorn":1,"minecraft:flint_and_steel":1,"minecraft:wooden_sword":1,"minecraft:moss_carpet":1,"minecraft:beef":8,"cell:bottled_air":1,"cobblemon:dusk_stone":2,"minecraft:egg":4,"minecraft:dark_oak_sapling":1,"sophisticatedbackpacks:backpack":1,"minecraft:cake":1,"minecraft:carrot":19,"minecraft:redstone":60,"minecraft:dark_oak_planks":1,"minecraft:tnt":4,"minecraft:arrow":18,"minecraft:diamond_chestplate":1,"cobblemon:everstone":2,"minecraft:beetroot_seeds":5,"minecraft:deepslate_bricks":1,"minecraft:diamond_boots":2,"minecraft:hay_block":10,"minecraft:saddle":3,"minecraft:gold_ingot":128,"minecraft:mutton":5,"minecraft:white_wool":4,"minecraft:leather":8,"cobblemon:slate_ball":3,"minecraft:oak_log":11,"minecraft:waxed_copper_block":9,"minecraft:gunpowder":2,"minecraft:white_banner":3,"artifacts:whoopee_cushion":1,"minecraft:iron_ingot":24,"minecraft:cooked_chicken":1,"minecraft:soul_sand":8,"minecraft:flowering_azalea":1,"betternether:black_bush":2,"cobblemon:blue_apricorn_seed":2,"minecraft:amethyst_shard":8,"minecraft:blast_furnace":4,"cobblemon:pink_apricorn":4,"minecraft:white_bed":1,"justhammers:diamond_hammer":1,"create:gearbox":1,"create:wheat_flour":391,"minecraft:baked_potato":1,"minecraft:coal":45,"minecraft:ender_pearl":1},"minecraft:custom":{"minecraft:interact_with_crafting_table":49,"minecraft:open_barrel":32,"minecraft:bell_ring":13,"minecraft:eat_cake_slice":7,"minecraft:leave_game":26,"minecraft:time_since_death":97095,"minecraft:sprint_one_cm":1280265,"minecraft:damage_blocked_by_shield":570,"minecraft:drop":412,"minecraft:talked_to_villager":5,"minecraft:play_time":473307,"minecraft:deaths":7,"minecraft:jump":8281,"minecraft:walk_on_water_one_cm":40398,"minecraft:enchant_item":8,"minecraft:interact_with_furnace":53,"minecraft:sleep_in_bed":10,"minecraft:damage_dealt":21986,"minecraft:player_kills":1,"minecraft:crouch_one_cm":17376,"minecraft:mob_kills":132,"minecraft:interact_with_anvil":20,"minecraft:interact_with_campfire":13,"minecraft:damage_dealt_resisted":414,"minecraft:climb_one_cm":19942,"minecraft:walk_one_cm":613830,"minecraft:damage_dealt_absorbed":160,"minecraft:raid_win":3,"minecraft:sneak_time":7387,"minecraft:walk_under_water_one_cm":23184,"minecraft:boat_one_cm":56252,"minecraft:interact_with_blast_furnace":13,"minecraft:total_world_time":473307,"minecraft:tune_noteblock":1,"minecraft:raid_trigger":3,"minecraft:interact_with_grindstone":3,"minecraft:time_since_rest":97136,"minecraft:damage_taken":6412,"minecraft:swim_one_cm":104562,"minecraft:fly_one_cm":1993400,"minecraft:open_chest":116,"minecraft:fall_one_cm":270026},"minecraft:killed":{"betternether:skull":1,"minecraft:spider":5,"minecraft:skeleton":22,"minecraft:pig":4,"minecraft:sheep":1,"minecraft:pillager":29,"minecraft:zombie":46,"minecraft:ghast":1,"minecraft:cow":3,"minecraft:vindicator":8,"cobblemon:pokemon":3,"minecraft:ravager":2,"minecraft:player":1,"minecraft:villager":2,"minecraft:enderman":1},"minecraft:used":{"minecraft:moss_block":2,"minecraft:diamond_hoe":5,"minecraft:chest":2,"minecraft:shield":20,"minecraft:iron_sword":229,"minecraft:nether_wart":16,"minecraft:soul_sand":8,"minecraft:carrot":19,"minecraft:tuff":1,"minecraft:obsidian":6,"minecraft:bow":103,"minecraft:dark_oak_boat":4,"minecraft:hay_block":4,"minecraft:written_book":2,"create:shaft":4,"minecraft:furnace":5,"minecraft:cooked_cod":1,"minecraft:egg":4,"minecraft:potato":12,"minecraft:dark_oak_sapling":1,"minecraft:damaged_anvil":1,"minecraft:diamond_boots":1,"minecraft:oak_planks":11,"minecraft:ender_pearl":1,"villagersplus:alchemist_table":1,"cobblemon:yellow_apricorn_seed":8,"minecraft:blast_furnace":4,"minecraft:crossbow":7,"minecraft:cyan_bed":5,"minecraft:bread":75,"create:andesite_casing":3,"betternether:wart_seed":1,"minecraft:fire_charge":1,"minecraft:diamond_sword":250,"minecraft:wooden_sword":5,"cell:bottled_air":1,"create:vertical_gearbox":2,"minecraft:spruce_planks":17,"minecraft:cooked_chicken":1,"minecraft:netherrack":7,"minecraft:torch":13,"minecraft:dirt":10,"minecraft:anvil":1,"minecraft:granite":1,"minecraft:dark_oak_planks":7,"minecraft:wooden_axe":9,"minecraft:chipped_anvil":1,"create:gearbox":4,"minecraft:iron_axe":37,"minecraft:oak_stairs":3,"create:creative_motor":8,"cobblemon:pc":1,"minecraft:beef":1,"minecraft:cooked_beef":20,"create:belt_connector":6,"minecraft:calcite":2,"minecraft:wheat_seeds":62,"minecraft:cooked_mutton":10,"minecraft:water_bucket":4,"create:brass_tunnel":4,"minecraft:deepslate_bricks":55,"create:brass_funnel":1,"minecraft:crafting_table":12,"minecraft:campfire":2,"minecraft:cake":2,"minecraft:dark_oak_door":3,"minecraft:oak_log":3,"minecraft:diamond_pickaxe":93,"minecraft:iron_pickaxe":100,"create:water_wheel":2,"minecraft:cobblestone":16,"minecraft:white_banner":3,"minecraft:cooked_porkchop":6,"minecraft:bucket":2,"minecraft:pillager_spawn_egg":28,"minecraft:diamond_leggings":1,"cobblemon:blue_apricorn_seed":12},"minecraft:killed_by":{"minecraft:player":1,"minecraft:spider":1,"minecraft:enderman":1},"minecraft:dropped":{"minecraft:baked_potato":2,"minecraft:glass_bottle":1,"minecraft:cooked_porkchop":1,"minecraft:leather":6,"create:crimsite":2,"minecraft:saddle":1,"cobblemon:moon_stone":1,"minecraft:flint":56,"betternether:black_bush":1,"minecraft:emerald":14,"cobblemon:dusk_stone":1,"minecraft:gold_block":2,"minecraft:dirt":16,"minecraft:dark_oak_fence":4,"minecraft:mutton":1,"minecraft:wooden_sword":2,"minecraft:bone_meal":12,"minecraft:iron_pickaxe":1,"cobblemon:blue_apricorn_seed":22,"minecraft:white_wool":4,"cobblemon:red_apricorn":2,"minecraft:gold_ingot":128,"minecraft:bone":2,"minecraft:gravel":18,"minecraft:cooked_chicken":1,"minecraft:cobbled_deepslate":1,"minecraft:wheat":1801,"minecraft:rotten_flesh":16,"minecraft:oak_planks":60,"minecraft:rabbit_foot":1,"minecraft:gunpowder":3,"minecraft:melon_seeds":3,"minecraft:beetroot_seeds":5,"minecraft:glowstone":4,"minecraft:azalea":2,"minecraft:yellow_banner":1,"create:wheat_flour":661,"cobblemon:fire_stone":1,"minecraft:iron_bars":8,"minecraft:arrow":10,"minecraft:beef":1,"minecraft:written_book":4,"minecraft:egg":1,"minecraft:iron_ingot":28,"minecraft:bread":3,"minecraft:wheat_seeds":23,"minecraft:tnt":4,"minecraft:oak_fence":1,"minecraft:cobblestone":101,"minecraft:book":4,"cobblemon:yellow_apricorn_seed":24,"cobblemon:water_stone":1,"minecraft:granite":5,"minecraft:copper_ingot":40,"cobblemon:oran_berry":1,"minecraft:stick":2,"cobblemon:pink_apricorn":4,"minecraft:wooden_axe":1,"betternether:wart_seed":2,"minecraft:string":14,"minecraft:music_disc_cat":1,"create:raw_zinc":1,"minecraft:redstone":56,"minecraft:moss_carpet":1,"minecraft:raw_iron":3,"cobblemon:quick_ball":101,"minecraft:flint_and_steel":1,"cobblemon:everstone":2,"create:dough":270,"minecraft:andesite":67,"minecraft:cake":1,"cobblemon:kasib_berry":2,"minecraft:diamond_boots":1,"minecraft:wooden_pickaxe":1,"minecraft:cooked_rabbit":3},"minecraft:mined":{"betternether:ink_bush":1,"minecraft:dark_oak_planks":1,"minecraft:spruce_planks":1,"minecraft:white_bed":1,"minecraft:farmland":1,"minecraft:granite":6,"minecraft:grass_block":14,"minecraft:deepslate_bricks":4,"minecraft:nether_wart":12,"minecraft:spawner":2,"betternether:nether_grass":2,"minecraft:magma_block":2,"minecraft:cave_vines":4,"minecraft:dirt_path":1,"minecraft:iron_bars":1,"minecraft:oak_stairs":5,"betternether:wart_seed":2,"minecraft:azalea_leaves":1,"minecraft:amethyst_cluster":2,"minecraft:torch":1,"minecraft:blast_furnace":4,"minecraft:calcite":2,"minecraft:poppy":1,"minecraft:cobblestone":5,"minecraft:cyan_bed":4,"minecraft:oak_planks":2,"minecraft:wall_torch":1,"minecraft:seagrass":1,"minecraft:birch_log":3,"minecraft:wheat":23,"minecraft:waxed_copper_block":10,"cobblemon:dusk_stone_ore":1,"minecraft:grass":189,"minecraft:oak_log":11,"minecraft:beetroots":6,"minecraft:sand":3,"villagersplus:alchemist_table":2,"minecraft:netherrack":10,"create:crimsite":2,"minecraft:oak_leaves":6,"minecraft:deepslate":1,"create:zinc_ore":5,"minecraft:tuff":1,"minecraft:yellow_wall_banner":1,"minecraft:dark_oak_leaves":1,"minecraft:dark_oak_fence":6,"minecraft:moss_block":2,"minecraft:large_fern":6,"minecraft:hay_block":10,"minecraft:furnace":3,"minecraft:carrots":19,"minecraft:potatoes":7,"minecraft:vine":15,"minecraft:stone":67,"minecraft:smithing_table":1,"minecraft:soul_sand":8,"minecraft:oak_fence":1,"minecraft:crafting_table":11,"minecraft:campfire":1,"minecraft:tall_grass":120,"minecraft:copper_ore":25,"minecraft:diorite":1,"minecraft:mangrove_leaves":1,"minecraft:coal_ore":16,"cobblemon:blue_apricorn_sapling":2,"minecraft:chipped_anvil":2,"minecraft:gold_ore":8},"minecraft:crafted":{"minecraft:oak_planks":32,"minecraft:smooth_stone":2,"minecraft:dark_oak_boat":1,"cobblemon:slate_ball":4,"minecraft:stone":2,"minecraft:cooked_mutton":10,"minecraft:iron_bars":16,"minecraft:glass":3,"minecraft:dark_oak_door":3,"minecraft:diamond_leggings":1,"minecraft:bow":1,"minecraft:iron_boots":1,"minecraft:chest":2,"minecraft:redstone_lamp":1,"minecraft:cooked_porkchop":4,"minecraft:crafting_table":2,"minecraft:spruce_planks":64,"minecraft:wooden_pickaxe":1,"minecraft:copper_ingot":169,"minecraft:gold_block":2,"minecraft:campfire":1,"cobblemon:quick_ball":128,"minecraft:iron_chestplate":1,"minecraft:shield":2,"minecraft:stick":24,"minecraft:iron_pickaxe":1,"minecraft:iron_block":3,"minecraft:gold_ingot":288,"cobblenav:pokenav_item":1,"minecraft:wooden_sword":1,"minecraft:furnace":2,"minecraft:bone_meal":12,"cobblemon:upgrade":1,"minecraft:iron_axe":1,"minecraft:diamond_boots":1,"minecraft:dark_oak_planks":28,"minecraft:wheat":54,"minecraft:cooked_beef":1,"cobblemon:electirizer":1,"minecraft:diamond_sword":1,"cobblemon:pc":1,"minecraft:air":0,"minecraft:wooden_axe":1,"minecraft:iron_leggings":1,"minecraft:anvil":1,"minecraft:torch":32,"minecraft:diamond_chestplate":1}},"DataVersion":3465}