{"stats":{"minecraft:crafted":{"minecraft:wooden_sword":1,"minecraft:oak_planks":32,"minecraft:crafting_table":1,"minecraft:stick":8,"minecraft:wooden_pickaxe":1,"minecraft:wooden_axe":1},"minecraft:custom":{"minecraft:time_since_rest":8328,"minecraft:crouch_one_cm":160,"minecraft:play_time":8328,"minecraft:sprint_one_cm":5892,"minecraft:damage_taken":140,"minecraft:walk_one_cm":6878,"minecraft:sneak_time":33,"minecraft:walk_under_water_one_cm":1405,"minecraft:mob_kills":2,"minecraft:jump":44,"minecraft:damage_dealt":300,"minecraft:walk_on_water_one_cm":3259,"minecraft:leave_game":1,"minecraft:time_since_death":8328,"minecraft:climb_one_cm":971,"minecraft:total_world_time":8328,"minecraft:swim_one_cm":30545,"minecraft:fall_one_cm":1558,"minecraft:interact_with_crafting_table":1,"minecraft:fly_one_cm":5473},"minecraft:used":{"minecraft:oak_log":3,"minecraft:wooden_axe":4,"minecraft:wooden_sword":5,"minecraft:crafting_table":1},"minecraft:killed":{"minecraft:spider":1,"minecraft:sheep":1},"minecraft:picked_up":{"minecraft:crafting_table":1,"minecraft:oak_log":11,"minecraft:string":1,"minecraft:mutton":2,"minecraft:white_wool":1},"minecraft:mined":{"minecraft:grass":2,"minecraft:oak_log":11,"minecraft:vine":1,"minecraft:tall_grass":1,"minecraft:crafting_table":1}},"DataVersion":3465}