{"stats":{"minecraft:crafted":{"minecraft:wooden_sword":1,"minecraft:oak_planks":32,"minecraft:crafting_table":1,"minecraft:spruce_planks":64,"minecraft:wooden_pickaxe":1,"cobblemon:slate_ball":4,"minecraft:furnace":2,"minecraft:copper_ingot":1,"minecraft:cooked_mutton":10,"minecraft:air":0,"minecraft:iron_boots":1,"minecraft:iron_chestplate":1,"minecraft:iron_axe":1,"minecraft:stick":8,"minecraft:iron_pickaxe":1,"minecraft:wooden_axe":1,"minecraft:iron_leggings":1,"minecraft:dark_oak_planks":28},"minecraft:dropped":{"minecraft:wheat_seeds":1,"minecraft:granite":1,"minecraft:andesite":1,"minecraft:wooden_axe":1,"minecraft:wooden_sword":2,"minecraft:wooden_pickaxe":1,"minecraft:string":1,"minecraft:white_wool":2},"minecraft:custom":{"minecraft:interact_with_furnace":10,"minecraft:mob_kills":9,"minecraft:interact_with_crafting_table":7,"minecraft:tune_noteblock":1,"minecraft:open_barrel":20,"minecraft:interact_with_campfire":2,"minecraft:leave_game":2,"minecraft:time_since_death":32252,"minecraft:sleep_in_bed":1,"minecraft:climb_one_cm":1853,"minecraft:time_since_rest":10184,"minecraft:sprint_one_cm":76085,"minecraft:damage_taken":168,"minecraft:walk_one_cm":41998,"minecraft:drop":10,"minecraft:damage_dealt":1706,"minecraft:swim_one_cm":39526,"minecraft:talked_to_villager":3,"minecraft:fly_one_cm":89084,"minecraft:open_chest":13,"minecraft:crouch_one_cm":1307,"minecraft:play_time":32252,"minecraft:sneak_time":560,"minecraft:walk_under_water_one_cm":4064,"minecraft:jump":361,"minecraft:walk_on_water_one_cm":9142,"minecraft:total_world_time":32252,"minecraft:fall_one_cm":9159},"minecraft:used":{"minecraft:wheat_seeds":20,"minecraft:cooked_mutton":2,"minecraft:oak_planks":1,"minecraft:iron_sword":24,"minecraft:crafting_table":4,"minecraft:carrot":19,"minecraft:oak_log":3,"minecraft:wooden_axe":9,"minecraft:iron_axe":4,"minecraft:cyan_bed":1,"minecraft:iron_pickaxe":31,"minecraft:wooden_sword":5,"minecraft:beef":1,"minecraft:furnace":2,"minecraft:cooked_cod":1,"minecraft:potato":12},"minecraft:killed":{"minecraft:vindicator":4,"minecraft:spider":1,"minecraft:sheep":1,"minecraft:pillager":2,"minecraft:zombie":1},"minecraft:picked_up":{"minecraft:crafting_table":4,"minecraft:nether_wart":6,"minecraft:andesite":1,"minecraft:potato":6,"minecraft:oak_log":11,"minecraft:string":1,"minecraft:moss_carpet":1,"minecraft:raw_copper":61,"minecraft:wooden_sword":1,"minecraft:wheat_seeds":21,"cobblemon:black_apricorn":4,"minecraft:azalea":1,"minecraft:furnace":2,"minecraft:carrot":19,"minecraft:cyan_bed":1,"minecraft:beetroot_seeds":5,"minecraft:granite":1,"minecraft:emerald":1,"minecraft:mutton":4,"minecraft:iron_bars":1,"minecraft:coal":8,"minecraft:white_wool":2,"minecraft:cobblestone":16},"minecraft:mined":{"minecraft:crafting_table":4,"minecraft:granite":1,"minecraft:tall_grass":2,"minecraft:copper_ore":9,"minecraft:cyan_bed":1,"minecraft:oak_planks":1,"minecraft:nether_wart":2,"minecraft:furnace":2,"minecraft:carrots":19,"minecraft:wheat":22,"minecraft:grass":3,"minecraft:potatoes":7,"minecraft:oak_log":11,"minecraft:vine":2,"minecraft:beetroots":6,"minecraft:iron_bars":1,"minecraft:azalea_leaves":1,"minecraft:stone":16,"minecraft:oak_leaves":2}},"DataVersion":3465}