{"stats":{"minecraft:used":{"minecraft:moss_block":2,"minecraft:spruce_planks":5,"minecraft:shield":4,"minecraft:iron_sword":151,"minecraft:carrot":19,"minecraft:wooden_axe":9,"minecraft:iron_axe":14,"minecraft:beef":1,"minecraft:dark_oak_boat":2,"minecraft:written_book":1,"minecraft:furnace":2,"minecraft:cooked_cod":1,"minecraft:potato":12,"minecraft:wheat_seeds":20,"minecraft:cooked_mutton":10,"minecraft:oak_planks":9,"villagersplus:alchemist_table":1,"minecraft:crafting_table":11,"minecraft:dark_oak_door":3,"minecraft:oak_log":3,"minecraft:cyan_bed":2,"minecraft:bread":13,"minecraft:iron_pickaxe":94,"minecraft:wooden_sword":5,"minecraft:cooked_porkchop":2,"minecraft:bucket":1},"minecraft:picked_up":{"minecraft:crafting_table":11,"minecraft:nether_wart":6,"minecraft:smithing_table":1,"minecraft:string":1,"minecraft:moss_carpet":1,"minecraft:raw_copper":117,"minecraft:wooden_sword":1,"minecraft:flint_and_steel":1,"minecraft:spruce_planks":1,"minecraft:azalea":2,"cobblemon:dusk_stone":1,"minecraft:furnace":2,"minecraft:cake":1,"minecraft:carrot":19,"minecraft:yellow_banner":2,"minecraft:tnt":4,"minecraft:arrow":4,"minecraft:rotten_flesh":3,"minecraft:beetroot_seeds":5,"villagersplus:alchemist_table":1,"minecraft:mutton":4,"minecraft:iron_bars":1,"minecraft:white_wool":2,"minecraft:cobblestone":19,"minecraft:andesite":1,"minecraft:dark_oak_boat":2,"minecraft:potato":6,"cobblemon:roseate_ball":1,"cobblemon:slate_ball":3,"create:raw_zinc":1,"minecraft:oak_log":11,"minecraft:waxed_copper_block":9,"minecraft:bone":8,"cobblemon:black_apricorn":4,"minecraft:wheat_seeds":28,"minecraft:raw_gold":8,"minecraft:iron_ingot":22,"minecraft:moss_block":2,"minecraft:cooked_porkchop":3,"minecraft:blast_furnace":2,"cobblemon:pink_apricorn":4,"minecraft:cyan_bed":2,"create:crimsite":2,"minecraft:granite":1,"minecraft:emerald":14,"minecraft:coal":24},"minecraft:dropped":{"minecraft:iron_ingot":22,"minecraft:wheat_seeds":8,"minecraft:tnt":4,"minecraft:cooked_porkchop":1,"minecraft:cobblestone":3,"minecraft:granite":1,"create:crimsite":2,"minecraft:copper_ingot":40,"minecraft:emerald":13,"minecraft:stick":1,"cobblemon:pink_apricorn":4,"minecraft:wooden_axe":1,"minecraft:wooden_sword":2,"minecraft:string":1,"minecraft:white_wool":2,"create:raw_zinc":1,"minecraft:moss_carpet":1,"minecraft:rotten_flesh":3,"minecraft:oak_planks":1,"minecraft:flint_and_steel":1,"minecraft:beetroot_seeds":5,"minecraft:andesite":1,"minecraft:cake":1,"minecraft:azalea":2,"minecraft:yellow_banner":1,"minecraft:iron_bars":1,"minecraft:arrow":2,"minecraft:wooden_pickaxe":1},"minecraft:killed":{"minecraft:vindicator":4,"minecraft:spider":1,"minecraft:skeleton":9,"minecraft:sheep":1,"minecraft:pillager":2,"minecraft:zombie":11},"minecraft:crafted":{"minecraft:wooden_sword":1,"minecraft:oak_planks":32,"minecraft:dark_oak_boat":1,"cobblemon:slate_ball":4,"minecraft:furnace":2,"minecraft:cooked_mutton":10,"minecraft:dark_oak_door":3,"minecraft:iron_boots":1,"minecraft:iron_axe":1,"minecraft:dark_oak_planks":28,"minecraft:crafting_table":1,"minecraft:spruce_planks":64,"minecraft:wooden_pickaxe":1,"minecraft:copper_ingot":169,"minecraft:air":0,"minecraft:iron_chestplate":1,"minecraft:shield":2,"minecraft:stick":8,"minecraft:iron_pickaxe":1,"minecraft:wooden_axe":1,"minecraft:iron_leggings":1},"minecraft:custom":{"minecraft:mob_kills":28,"minecraft:interact_with_anvil":1,"minecraft:interact_with_crafting_table":14,"minecraft:open_barrel":31,"minecraft:interact_with_campfire":2,"minecraft:leave_game":4,"minecraft:time_since_death":100947,"minecraft:climb_one_cm":4718,"minecraft:sprint_one_cm":362800,"minecraft:walk_one_cm":135514,"minecraft:damage_blocked_by_shield":110,"minecraft:drop":44,"minecraft:talked_to_villager":3,"minecraft:play_time":100947,"minecraft:sneak_time":2352,"minecraft:walk_under_water_one_cm":15206,"minecraft:boat_one_cm":49900,"minecraft:jump":2064,"minecraft:interact_with_blast_furnace":11,"minecraft:walk_on_water_one_cm":18429,"minecraft:total_world_time":100947,"minecraft:interact_with_furnace":11,"minecraft:tune_noteblock":1,"minecraft:sleep_in_bed":3,"minecraft:time_since_rest":46550,"minecraft:damage_taken":964,"minecraft:damage_dealt":5444,"minecraft:swim_one_cm":71796,"minecraft:fly_one_cm":513443,"minecraft:open_chest":21,"minecraft:crouch_one_cm":5689,"minecraft:fall_one_cm":63736},"minecraft:mined":{"create:zinc_ore":1,"minecraft:spruce_planks":1,"minecraft:yellow_wall_banner":1,"minecraft:granite":1,"minecraft:moss_block":2,"minecraft:nether_wart":2,"minecraft:spawner":2,"minecraft:large_fern":4,"minecraft:furnace":2,"minecraft:carrots":19,"minecraft:potatoes":7,"minecraft:vine":2,"minecraft:iron_bars":1,"minecraft:azalea_leaves":1,"minecraft:stone":17,"minecraft:smithing_table":1,"minecraft:crafting_table":11,"minecraft:blast_furnace":2,"minecraft:copper_ore":25,"minecraft:tall_grass":39,"minecraft:cyan_bed":2,"minecraft:oak_planks":1,"minecraft:seagrass":1,"minecraft:wheat":22,"minecraft:waxed_copper_block":10,"minecraft:mangrove_leaves":1,"cobblemon:dusk_stone_ore":1,"minecraft:grass":31,"minecraft:coal_ore":16,"minecraft:oak_log":11,"minecraft:beetroots":6,"villagersplus:alchemist_table":2,"minecraft:gold_ore":8,"create:crimsite":2,"minecraft:oak_leaves":4}},"DataVersion":3465}