{"stats":{"minecraft:crafted":{"minecraft:wooden_sword":1,"minecraft:oak_planks":32,"minecraft:dark_oak_boat":1,"minecraft:crafting_table":1,"minecraft:spruce_planks":64,"minecraft:wooden_pickaxe":1,"cobblemon:slate_ball":4,"minecraft:furnace":2,"minecraft:copper_ingot":1,"minecraft:cooked_mutton":10,"minecraft:air":0,"minecraft:iron_boots":1,"minecraft:iron_chestplate":1,"minecraft:shield":1,"minecraft:iron_axe":1,"minecraft:stick":8,"minecraft:iron_pickaxe":1,"minecraft:wooden_axe":1,"minecraft:iron_leggings":1,"minecraft:dark_oak_planks":28},"minecraft:dropped":{"minecraft:moss_carpet":1,"minecraft:wheat_seeds":3,"minecraft:granite":1,"minecraft:andesite":1,"minecraft:wooden_axe":1,"minecraft:beetroot_seeds":5,"minecraft:wooden_sword":2,"minecraft:iron_bars":1,"minecraft:wooden_pickaxe":1,"minecraft:string":1,"minecraft:white_wool":2},"minecraft:custom":{"minecraft:interact_with_furnace":10,"minecraft:mob_kills":10,"minecraft:interact_with_crafting_table":10,"minecraft:tune_noteblock":1,"minecraft:open_barrel":20,"minecraft:interact_with_campfire":2,"minecraft:leave_game":2,"minecraft:time_since_death":56252,"minecraft:sleep_in_bed":3,"minecraft:climb_one_cm":2173,"minecraft:time_since_rest":1855,"minecraft:sprint_one_cm":155297,"minecraft:damage_taken":351,"minecraft:walk_one_cm":63617,"minecraft:drop":19,"minecraft:damage_dealt":1906,"minecraft:swim_one_cm":51866,"minecraft:talked_to_villager":3,"minecraft:fly_one_cm":226756,"minecraft:open_chest":17,"minecraft:crouch_one_cm":2333,"minecraft:play_time":56252,"minecraft:sneak_time":1004,"minecraft:walk_under_water_one_cm":12288,"minecraft:boat_one_cm":49900,"minecraft:jump":891,"minecraft:walk_on_water_one_cm":13138,"minecraft:total_world_time":56252,"minecraft:fall_one_cm":26880},"minecraft:used":{"minecraft:wheat_seeds":20,"minecraft:cooked_mutton":3,"minecraft:oak_planks":2,"minecraft:iron_sword":28,"minecraft:crafting_table":8,"minecraft:carrot":19,"minecraft:oak_log":3,"minecraft:wooden_axe":9,"minecraft:bread":3,"minecraft:iron_axe":8,"minecraft:cyan_bed":2,"minecraft:iron_pickaxe":37,"minecraft:wooden_sword":5,"minecraft:dark_oak_boat":2,"minecraft:beef":1,"minecraft:cooked_porkchop":1,"minecraft:furnace":2,"minecraft:cooked_cod":1,"minecraft:potato":12},"minecraft:killed":{"minecraft:vindicator":4,"minecraft:spider":1,"minecraft:sheep":1,"minecraft:pillager":2,"minecraft:zombie":2},"minecraft:picked_up":{"minecraft:crafting_table":8,"minecraft:nether_wart":6,"minecraft:andesite":1,"minecraft:dark_oak_boat":2,"minecraft:potato":6,"cobblemon:slate_ball":3,"minecraft:oak_log":11,"minecraft:string":1,"minecraft:moss_carpet":1,"minecraft:raw_copper":61,"minecraft:wooden_sword":1,"minecraft:wheat_seeds":23,"cobblemon:black_apricorn":4,"minecraft:azalea":1,"minecraft:furnace":2,"minecraft:cooked_porkchop":2,"minecraft:carrot":19,"minecraft:cyan_bed":2,"minecraft:rotten_flesh":3,"minecraft:beetroot_seeds":5,"minecraft:granite":1,"minecraft:emerald":1,"villagersplus:alchemist_table":1,"minecraft:mutton":4,"minecraft:iron_bars":1,"minecraft:coal":13,"minecraft:white_wool":2,"minecraft:cobblestone":16},"minecraft:mined":{"minecraft:crafting_table":8,"minecraft:granite":1,"minecraft:tall_grass":5,"minecraft:copper_ore":9,"minecraft:cyan_bed":2,"minecraft:oak_planks":1,"minecraft:nether_wart":2,"minecraft:seagrass":1,"minecraft:furnace":2,"minecraft:carrots":19,"minecraft:wheat":22,"minecraft:grass":7,"minecraft:coal_ore":5,"minecraft:potatoes":7,"minecraft:oak_log":11,"minecraft:vine":2,"minecraft:beetroots":6,"minecraft:iron_bars":1,"villagersplus:alchemist_table":1,"minecraft:azalea_leaves":1,"minecraft:stone":16,"minecraft:oak_leaves":3}},"DataVersion":3465}