{"stats":{"minecraft:used":{"minecraft:moss_block":2,"minecraft:wheat_seeds":20,"minecraft:cooked_mutton":9,"minecraft:oak_planks":9,"minecraft:spruce_planks":5,"minecraft:shield":2,"minecraft:iron_sword":61,"villagersplus:alchemist_table":1,"minecraft:crafting_table":10,"minecraft:carrot":19,"minecraft:dark_oak_door":3,"minecraft:oak_log":3,"minecraft:wooden_axe":9,"minecraft:bread":5,"minecraft:iron_axe":12,"minecraft:cyan_bed":2,"minecraft:iron_pickaxe":80,"minecraft:wooden_sword":5,"minecraft:dark_oak_boat":2,"minecraft:beef":1,"minecraft:furnace":2,"minecraft:cooked_cod":1,"minecraft:cooked_porkchop":1,"minecraft:bucket":1,"minecraft:potato":12},"minecraft:picked_up":{"minecraft:crafting_table":10,"minecraft:nether_wart":6,"minecraft:andesite":1,"minecraft:smithing_table":1,"minecraft:dark_oak_boat":2,"minecraft:potato":6,"create:raw_zinc":1,"cobblemon:slate_ball":3,"minecraft:oak_log":11,"minecraft:string":1,"minecraft:moss_carpet":1,"minecraft:raw_copper":117,"minecraft:wooden_sword":1,"minecraft:flint_and_steel":1,"minecraft:bone":3,"minecraft:wheat_seeds":25,"cobblemon:black_apricorn":4,"minecraft:raw_gold":8,"minecraft:spruce_planks":1,"minecraft:iron_ingot":22,"minecraft:azalea":2,"cobblemon:dusk_stone":1,"minecraft:moss_block":2,"minecraft:furnace":2,"minecraft:cooked_porkchop":2,"minecraft:carrot":19,"minecraft:cyan_bed":2,"minecraft:arrow":2,"minecraft:tnt":4,"minecraft:rotten_flesh":3,"create:crimsite":2,"minecraft:beetroot_seeds":5,"minecraft:granite":1,"minecraft:emerald":1,"villagersplus:alchemist_table":1,"minecraft:mutton":4,"minecraft:iron_bars":1,"minecraft:coal":24,"minecraft:white_wool":2,"minecraft:cobblestone":19},"minecraft:dropped":{"minecraft:iron_ingot":22,"minecraft:moss_carpet":1,"minecraft:wheat_seeds":5,"minecraft:tnt":4,"minecraft:rotten_flesh":3,"minecraft:cobblestone":3,"minecraft:oak_planks":1,"minecraft:granite":1,"create:crimsite":2,"minecraft:flint_and_steel":1,"minecraft:stick":1,"minecraft:wooden_axe":1,"minecraft:andesite":1,"minecraft:beetroot_seeds":5,"minecraft:azalea":2,"minecraft:wooden_sword":2,"minecraft:iron_bars":1,"minecraft:wooden_pickaxe":1,"minecraft:string":1,"minecraft:white_wool":2,"create:raw_zinc":1},"minecraft:killed":{"minecraft:spider":1,"minecraft:vindicator":4,"minecraft:sheep":1,"minecraft:skeleton":2,"minecraft:pillager":2,"minecraft:zombie":3},"minecraft:crafted":{"minecraft:wooden_sword":1,"minecraft:oak_planks":32,"minecraft:dark_oak_boat":1,"minecraft:crafting_table":1,"minecraft:spruce_planks":64,"minecraft:wooden_pickaxe":1,"cobblemon:slate_ball":4,"minecraft:furnace":2,"minecraft:copper_ingot":11,"minecraft:cooked_mutton":10,"minecraft:air":0,"minecraft:dark_oak_door":3,"minecraft:iron_boots":1,"minecraft:iron_chestplate":1,"minecraft:shield":1,"minecraft:iron_axe":1,"minecraft:stick":8,"minecraft:iron_pickaxe":1,"minecraft:wooden_axe":1,"minecraft:iron_leggings":1,"minecraft:dark_oak_planks":28},"minecraft:custom":{"minecraft:interact_with_furnace":10,"minecraft:interact_with_anvil":1,"minecraft:mob_kills":13,"minecraft:interact_with_crafting_table":12,"minecraft:tune_noteblock":1,"minecraft:open_barrel":22,"minecraft:interact_with_campfire":2,"minecraft:leave_game":3,"minecraft:time_since_death":76861,"minecraft:sleep_in_bed":3,"minecraft:climb_one_cm":3108,"minecraft:time_since_rest":22464,"minecraft:sprint_one_cm":247698,"minecraft:damage_taken":564,"minecraft:walk_one_cm":88964,"minecraft:damage_blocked_by_shield":60,"minecraft:drop":35,"minecraft:damage_dealt":2406,"minecraft:swim_one_cm":70934,"minecraft:talked_to_villager":3,"minecraft:fly_one_cm":347061,"minecraft:open_chest":17,"minecraft:play_time":76861,"minecraft:crouch_one_cm":3634,"minecraft:sneak_time":1504,"minecraft:walk_under_water_one_cm":15109,"minecraft:boat_one_cm":49900,"minecraft:jump":1437,"minecraft:interact_with_blast_furnace":4,"minecraft:walk_on_water_one_cm":16079,"minecraft:total_world_time":76861,"minecraft:fall_one_cm":47459},"minecraft:mined":{"minecraft:smithing_table":1,"create:zinc_ore":1,"minecraft:spruce_planks":1,"minecraft:crafting_table":10,"minecraft:granite":1,"minecraft:tall_grass":22,"minecraft:copper_ore":25,"minecraft:cyan_bed":2,"minecraft:moss_block":2,"minecraft:oak_planks":1,"minecraft:nether_wart":2,"minecraft:large_fern":4,"minecraft:seagrass":1,"minecraft:furnace":2,"minecraft:carrots":19,"minecraft:wheat":22,"minecraft:mangrove_leaves":1,"cobblemon:dusk_stone_ore":1,"minecraft:grass":12,"minecraft:oak_log":11,"minecraft:potatoes":7,"minecraft:coal_ore":16,"minecraft:beetroots":6,"minecraft:vine":2,"minecraft:iron_bars":1,"villagersplus:alchemist_table":2,"minecraft:azalea_leaves":1,"minecraft:stone":17,"minecraft:gold_ore":8,"create:crimsite":2,"minecraft:oak_leaves":3}},"DataVersion":3465}