{
  "uuid": "37c5e672-bacd-31fa-8ede-1a385d2bf4ea",
  "starterPrompted": true,
  "starterLocked": false,
  "starterSelected": true,
  "starterUUID": "b8b43df9-2fca-4bfd-836f-9f324418e0df",
  "keyItems": [],
  "battleTheme": "cobblemon:battle.pvp.default",
  "extraData": {
    "koStreak": {
      "name": "koStreak",
      "species": "whimsicott",
      "count": 1
    },
    "koCount": {
      "name": "koCount",
      "defeats": {
        "stonjourner": 2,
        "zubat": 1,
        "nuzleaf": 1,
        "slowpoke": 1,
        "whimsicott": 1
      }
    },
    "captureStreak": {
      "name": "captureStreak",
      "species": "shedinja",
      "count": 1
    },
    "captureCount": {
      "name": "captureCount",
      "defeats": {
        "pikachu": 1,
        "pichu": 1,
        "shedinja": 1
      }
    },
    "cobblenavPlayerStatsData": {
      "name": "cobblenavPlayerStatsData",
      "totalPvpCount": 0,
      "startDate": 1721407492554,
      "gymBadges": [],
      "pokemonUsage": {
        "b8b43df9-2fca-4bfd-836f-9f324418e0df": 23,
        "ba0b7cab-74db-4c30-bc0f-4f46c1b876ab": 8,
        "7f4b34ab-fc2d-45c4-8952-c35115b15e0e": 9,
        "58538c7d-122a-423d-909b-c1159f4751e8": 19
      }
    }
  },
  "advancementData": {
    "totalCaptureCount": 3,
    "totalEggsHatched": 0,
    "totalEvolvedCount": 2,
    "totalBattleVictoryCount": 9,
    "totalPvPBattleVictoryCount": 0,
    "totalPvWBattleVictoryCount": 9,
    "totalPvNBattleVictoryCount": 0,
    "totalShinyCaptureCount": 0,
    "totalTradedCount": 0,
    "totalTypeCaptureCounts": {
      "electric": 2,
      "bug": 1,
      "ghost": 1
    },
    "totalDefeatedCounts": {
      "cobblemon:stonjourner": 2,
      "cobblemon:zubat": 1,
      "cobblemon:nuzleaf": 1,
      "cobblemon:slowpoke": 1,
      "cobblemon:whimsicott": 1
    },
    "aspectsCollected": {}
  }
}