{
  "uuid": "37c5e672-bacd-31fa-8ede-1a385d2bf4ea",
  "starterPrompted": true,
  "starterLocked": false,
  "starterSelected": true,
  "starterUUID": "b8b43df9-2fca-4bfd-836f-9f324418e0df",
  "keyItems": [],
  "battleTheme": "cobblemon:battle.pvp.default",
  "extraData": {
    "koStreak": {
      "name": "koStreak",
      "species": "",
      "count": 0
    },
    "koCount": {
      "name": "koCount",
      "defeats": {}
    },
    "captureStreak": {
      "name": "captureStreak",
      "species": "pikachu",
      "count": 1
    },
    "captureCount": {
      "name": "captureCount",
      "defeats": {
        "pikachu": 1
      }
    },
    "cobblenavPlayerStatsData": {
      "name": "cobblenavPlayerStatsData",
      "totalPvpCount": 0,
      "startDate": 1721407492554,
      "gymBadges": [],
      "pokemonUsage": {
        "b8b43df9-2fca-4bfd-836f-9f324418e0df": 4
      }
    }
  },
  "advancementData": {
    "totalCaptureCount": 1,
    "totalEggsHatched": 0,
    "totalEvolvedCount": 0,
    "totalBattleVictoryCount": 1,
    "totalPvPBattleVictoryCount": 0,
    "totalPvWBattleVictoryCount": 1,
    "totalPvNBattleVictoryCount": 0,
    "totalShinyCaptureCount": 0,
    "totalTradedCount": 0,
    "totalTypeCaptureCounts": {
      "electric": 1
    },
    "totalDefeatedCounts": {},
    "aspectsCollected": {}
  }
}