{
  "uuid": "7bd57142-f6c3-37be-bc97-f2e3b016f9d3",
  "starterPrompted": true,
  "starterLocked": false,
  "starterSelected": true,
  "starterUUID": "9a696a8f-8c95-41e1-a986-1dcb1a3dc703",
  "keyItems": [],
  "battleTheme": "cobblemon:battle.pvp.default",
  "extraData": {
    "koStreak": {
      "name": "koStreak",
      "species": "emolga",
      "count": 1
    },
    "koCount": {
      "name": "koCount",
      "defeats": {
        "lillipup": 1,
        "eevee": 2,
        "klink": 1,
        "numel": 2,
        "igglybuff": 1,
        "bunnelby": 1,
        "fidough": 1,
        "growlithe": 1,
        "koffing": 1,
        "bouffalant": 1,
        "hypno": 1,
        "carnivine": 1,
        "galvantula": 1,
        "solrock": 1,
        "mareep": 2,
        "stonjourner": 5,
        "electabuzz": 1,
        "nickit": 1,
        "arcanine": 2,
        "pidgeot": 1,
        "tauros": 2,
        "granbull": 2,
        "illumise": 2,
        "gloom": 1,
        "thievul": 1,
        "slugma": 1,
        "darumaka": 1,
        "ponyta": 1,
        "diggersby": 2,
        "timburr": 1,
        "herdier": 1,
        "vivillon": 1,
        "volbeat": 1,
        "emolga": 1
      }
    },
    "captureStreak": {
      "name": "captureStreak",
      "species": "moltres",
      "count": 1
    },
    "captureCount": {
      "name": "captureCount",
      "defeats": {
        "arcanine": 1,
        "eevee": 1,
        "tinkatuff": 1,
        "ampharos": 1,
        "solrock": 1,
        "dratini": 1,
        "spiritomb": 1,
        "gallade": 1,
        "moltres": 1
      }
    },
    "cobblenavPlayerStatsData": {
      "name": "cobblenavPlayerStatsData",
      "totalPvpCount": 1,
      "startDate": 1721406707856,
      "gymBadges": [],
      "pokemonUsage": {
        "9a696a8f-8c95-41e1-a986-1dcb1a3dc703": 81,
        "6cc592de-c932-4d2d-bbea-270e338e78cf": 4,
        "0b60924d-2764-408e-9dc8-0746bcb6e3ce": 49,
        "8edc6048-21f4-45e0-b58d-bdb32c590223": 54,
        "32e1a6ff-d81f-4cec-a399-b524f3fc9579": 7,
        "109adb6c-eab7-446e-a2b2-f805186c6e53": 15,
        "acdc0b83-bfd5-4a9f-917a-d0c80a36d338": 39,
        "e8211dca-0696-43bc-97eb-bd6690c11a77": 58,
        "9a8dba46-930b-48a9-8dc2-8b77b1ec8bbc": 51,
        "85f08c9a-6e47-4505-b596-9462ac10c311": 10
      }
    },
    "cobblenavContactData": {
      "name": "cobblenavContactData",
      "contacts": [
        {
          "key": "ea0d877f-2a0b-33d7-83aa-001241697afa",
          "profile": {
            "id": "ea0d877f-2a0b-33d7-83aa-001241697afa",
            "name": "Lautipro11"
          },
          "name": "Lautipro11",
          "title": "",
          "winnings": 1,
          "losses": 0,
          "team": [
            {
              "name": "hypno",
              "level": 35
            },
            {
              "name": "arcanine",
              "level": 37
            },
            {
              "name": "vaporeon",
              "level": 36
            },
            {
              "name": "jolteon",
              "level": 34
            },
            {
              "name": "magmar",
              "level": 36
            },
            {
              "name": "arcanine",
              "level": 35
            }
          ],
          "trainer": false
        }
      ],
      "title": ""
    }
  },
  "advancementData": {
    "totalCaptureCount": 9,
    "totalEggsHatched": 0,
    "totalEvolvedCount": 3,
    "totalBattleVictoryCount": 54,
    "totalPvPBattleVictoryCount": 1,
    "totalPvWBattleVictoryCount": 53,
    "totalPvNBattleVictoryCount": 0,
    "totalShinyCaptureCount": 0,
    "totalTradedCount": 0,
    "totalTypeCaptureCounts": {
      "fire": 2,
      "normal": 1,
      "fairy": 1,
      "steel": 1,
      "electric": 1,
      "rock": 1,
      "psychic": 2,
      "dragon": 1,
      "ghost": 1,
      "dark": 1,
      "fighting": 1,
      "flying": 1
    },
    "totalDefeatedCounts": {
      "cobblemon:lillipup": 1,
      "cobblemon:eevee": 2,
      "cobblemon:klink": 1,
      "cobblemon:igglybuff": 1,
      "cobblemon:bunnelby": 1,
      "cobblemon:fidough": 1,
      "cobblemon:growlithe": 1,
      "cobblemon:koffing": 1,
      "cobblemon:bouffalant": 1,
      "cobblemon:hypno": 1,
      "cobblemon:carnivine": 1,
      "cobblemon:galvantula": 1,
      "cobblemon:solrock": 1,
      "cobblemon:mareep": 2,
      "cobblemon:stonjourner": 5,
      "cobblemon:electabuzz": 1,
      "cobblemon:nickit": 1,
      "cobblemon:arcanine": 2,
      "cobblemon:pidgeot": 1,
      "cobblemon:tauros": 2,
      "cobblemon:granbull": 2,
      "cobblemon:illumise": 2,
      "cobblemon:gloom": 1,
      "cobblemon:thievul": 1,
      "cobblemon:slugma": 1,
      "cobblemon:numel": 1,
      "cobblemon:darumaka": 1,
      "cobblemon:ponyta": 1,
      "cobblemon:diggersby": 2,
      "cobblemon:timburr": 1,
      "cobblemon:herdier": 1,
      "cobblemon:vivillon": 1,
      "cobblemon:volbeat": 1,
      "cobblemon:emolga": 1
    },
    "aspectsCollected": {}
  }
}